datetime,unrealized_pnl,realized_pnl,total_pnl,market_value,daily_pnl
2021-01-01 00:00:00,0.0000,0.0000,0.0000,34890.9000,0.0000
2021-01-02 00:00:00,526.8526,0.0000,526.8526,35417.7526,526.8526
2021-01-03 00:00:00,3914.7590,0.0000,3914.7590,38805.6590,3387.9064
2021-01-04 00:00:00,4756.2783,191.2513,4947.5296,38298.4383,1032.7706
2021-01-05 00:00:00,3417.9461,191.2513,3609.1974,36960.1061,-1338.3322
2021-01-06 00:00:00,6044.2972,191.2513,6235.5486,39586.4572,2626.3511
2021-01-07 00:00:00,9847.9782,191.2513,10039.2295,43390.1382,3803.6809
2021-01-08 00:00:00,13520.8447,191.2513,13712.0960,47063.0047,3672.8665
2021-01-09 00:00:00,15167.7648,191.2513,15359.0161,48709.9248,1646.9201
2021-01-10 00:00:00,14537.1721,191.2513,14728.4235,48079.3321,-630.5926
2021-01-11 00:00:00,11169.5393,191.2513,11360.7906,44711.6993,-3367.6329
2021-01-12 00:00:00,6627.9308,191.2513,6819.1821,40170.0908,-4541.6085
2021-01-13 00:00:00,4162.5821,191.2513,4353.8334,37704.7421,-2465.3488
2021-01-14 00:00:00,10029.1058,191.2513,10220.3572,43571.2658,5866.5238
2021-01-15 00:00:00,13111.6303,191.2513,13302.8817,46653.7903,3082.5245
2021-01-16 00:00:00,8583.4387,191.2513,8774.6901,42125.5987,-4528.1916
2021-01-17 00:00:00,7204.8560,191.2513,7396.1073,40747.0160,-1378.5828
2021-01-18 00:00:00,6859.3717,191.2513,7050.6231,40401.5317,-345.4842
2021-01-19 00:00:00,7604.0077,191.2513,7795.2590,41146.1677,744.6360
2021-01-20 00:00:00,6966.7066,191.2513,7157.9580,40508.8666,-637.3010
2021-01-21 00:00:00,6634.6392,191.2513,6825.8906,40176.7992,-332.0674
2021-01-22 00:00:00,3106.0040,191.2513,3297.2553,36648.1640,-3528.6352
2021-01-23 00:00:00,4598.6301,191.2513,4789.8815,38140.7901,1492.6261
2021-01-24 00:00:00,4011.6423,191.2513,4202.8937,37553.8023,-586.9878
2021-01-25 00:00:00,4085.4351,191.2513,4276.6864,37627.5951,73.7928
2021-01-26 00:00:00,4078.7267,191.2513,4269.9780,37620.8867,-6.7084
2021-01-27 00:00:00,4175.9989,191.2513,4367.2503,37718.1589,97.2723
2021-01-28 00:00:00,3324.0281,191.2513,3515.2794,36866.1881,-851.9709
2021-01-29 00:00:00,4394.0230,191.2513,4585.2743,37936.1830,1069.9949
2021-01-30 00:00:00,4645.5892,191.2513,4836.8405,38187.7492,251.5662
2021-01-31 00:00:00,4685.8398,191.2513,4877.0911,38227.9998,40.2506
2021-02-01 00:00:00,4440.9820,191.2513,4632.2333,37983.1420,-244.8578
2021-02-02 00:00:00,4508.0663,191.2513,4699.3176,38050.2263,67.0843
2021-02-03 00:00:00,4685.8398,191.2513,4877.0911,38227.9998,177.7734
2021-02-04 00:00:00,4756.2783,191.2513,4947.5296,38298.4383,70.4385
2021-02-05 00:00:00,4833.4253,191.2513,5024.6766,38375.5853,77.1470
2021-02-06 00:00:00,4732.7988,191.2513,4924.0501,38274.9588,-100.6265
2021-02-07 00:00:00,5796.0852,191.2513,5987.3366,39338.2452,1063.2865
2021-02-08 00:00:00,5152.0758,191.2513,5343.3271,38694.2358,-644.0095
2021-02-09 00:00:00,16871.7065,191.2513,17062.9578,50413.8665,11719.6307
2021-02-10 00:00:00,16885.1233,191.2513,17076.3747,50427.2833,13.4169
2021-02-11 00:00:00,14044.1024,191.2513,14235.3537,47586.2624,-2841.0210
2021-02-12 00:00:00,19373.9516,191.2513,19565.2029,52916.1116,5329.8492
2021-02-13 00:00:00,18199.9760,191.2513,18391.2273,51742.1360,-1173.9756
2021-02-14 00:00:00,17730.3858,191.2513,17921.6371,51272.5458,-469.5902
2021-02-15 00:00:00,20286.2984,191.2513,20477.5497,53828.4584,2555.9126
2021-02-16 00:00:00,18874.1734,191.2513,19065.4248,52416.3334,-1412.1249
2021-02-17 00:00:00,21084.6018,191.2513,21275.8531,54626.7618,2210.4283
2021-02-18 00:00:00,26860.5617,191.2513,27051.8131,60402.7217,5775.9600
2021-02-19 00:00:00,26233.3233,191.2513,26424.5747,59775.4833,-627.2384
2021-02-20 00:00:00,31261.2931,191.2513,31452.5445,64803.4531,5027.9698
2021-02-21 00:00:00,31241.1678,191.2513,31432.4192,64783.3278,-20.1253
2021-02-22 00:00:00,33169.8420,191.2513,33361.0934,66712.0020,1928.6742
2021-02-23 00:00:00,28705.3805,191.2513,28896.6319,62247.5405,-4464.4615
2021-02-24 00:00:00,21581.0257,191.2513,21772.2771,55123.1857,-7124.3548
2021-02-25 00:00:00,22711.3965,191.2513,22902.6479,56253.5565,1130.3708
2021-02-26 00:00:00,18726.5879,191.2513,18917.8393,52268.7479,-3984.8086
2021-02-27 00:00:00,17931.6387,191.2513,18122.8901,51473.7987,-794.9492
2021-02-28 00:00:00,17787.4074,191.2513,17978.6588,51329.5674,-144.2313
2021-03-01 00:00:00,16989.1040,191.2513,17180.3554,50531.2640,-798.3034
2021-03-02 00:00:00,20454.0092,191.2513,20645.2605,53996.1692,3464.9051
2021-03-03 00:00:00,19602.0383,191.2513,19793.2896,53144.1983,-851.9709
2021-03-04 00:00:00,20953.7874,191.2513,21145.0387,54495.9474,1351.7490
2021-03-05 00:00:00,19608.7467,191.2513,19799.9981,53150.9067,-1345.0406
2021-03-06 00:00:00,19836.8334,191.2513,20028.0848,53378.9934,228.0867
2021-03-07 00:00:00,19930.7515,191.2513,20122.0028,53472.9115,93.9180
2021-03-08 00:00:00,20990.6837,191.2513,21181.9351,54532.8437,1059.9323
2021-03-09 00:00:00,21611.2137,191.2513,21802.4650,55153.3737,620.5300
2021-03-10 00:00:00,22644.3122,191.2513,22835.5635,56186.4722,1033.0985
2021-03-11 00:00:00,23053.5266,191.2513,23244.7779,56595.6866,409.2144
2021-03-12 00:00:00,25891.1933,191.2513,26082.4446,59433.3533,2837.6667
2021-03-13 00:00:00,24941.9502,191.2513,25133.2015,58484.1102,-949.2431
2021-03-14 00:00:00,31153.9582,191.2513,31345.2095,64696.1182,6212.0080
2021-03-15 00:00:00,27387.1736,191.2513,27578.4250,60929.3336,-3766.7846
2021-03-16 00:00:00,21627.9848,191.2513,21819.2361,55170.1448,-5759.1889
2021-03-17 00:00:00,23885.3721,191.2513,24076.6235,57427.5321,2257.3874
2021-03-18 00:00:00,27437.4869,191.2513,27628.7382,60979.6469,3552.1147
2021-03-19 00:00:00,24911.7622,191.2513,25103.0136,58453.9222,-2525.7246
2021-03-20 00:00:00,25689.9403,191.2513,25881.1917,59232.1003,778.1781
2021-03-21 00:00:00,25790.5668,191.2513,25981.8182,59332.7268,100.6265
2021-03-22 00:00:00,24334.8371,191.2513,24526.0884,57876.9971,-1455.7297
2021-03-23 00:00:00,21406.6065,191.2513,21597.8578,54948.7665,-2928.2306
2021-03-24 00:00:00,21627.9848,191.2513,21819.2361,55170.1448,221.3783
2021-03-25 00:00:00,20024.6695,191.2513,20215.9209,53566.8295,-1603.3152
2021-03-26 00:00:00,19330.3468,191.2513,19521.5981,52872.5068,-694.3227
2021-03-27 00:00:00,21839.3004,191.2513,22030.5517,55381.4604,2508.9536
2021-03-28 00:00:00,22349.1412,191.2513,22540.3925,55891.3012,509.8408
2021-03-29 00:00:00,22204.9099,191.2513,22396.1613,55747.0699,-144.2313
2021-03-30 00:00:00,23278.2590,191.2513,23469.5104,56820.4190,1073.3491
2021-03-31 00:00:00,23861.8926,191.2513,24053.1440,57404.0526,583.6336
2021-04-01 00:00:00,23882.0179,191.2513,24073.2693,57424.1779,20.1253
2021-04-02 00:00:00,23908.8516,191.2513,24100.1030,57451.0116,26.8337
2021-04-03 00:00:00,24053.0829,191.2513,24244.3343,57595.2429,144.2313
2021-04-04 00:00:00,23513.0542,191.2513,23704.3055,57055.2142,-540.0288
2021-04-05 00:00:00,23788.0999,191.2513,23979.3512,57330.2599,275.0457
2021-04-06 00:00:00,24012.8323,191.2513,24204.0837,57554.9923,224.7325
2021-04-07 00:00:00,23935.6854,191.2513,24126.9367,57477.8454,-77.1470
2021-04-08 00:00:00,23694.1818,191.2513,23885.4332,57236.3418,-241.5036
2021-04-09 00:00:00,23902.1432,191.2513,24093.3945,57444.3032,207.9614
2021-04-10 00:00:00,23932.3312,191.2513,24123.5825,57474.4912,30.1879
2021-04-11 00:00:00,24053.0829,191.2513,24244.3343,57595.2429,120.7518
2021-04-12 00:00:00,24153.7094,191.2513,24344.9607,57695.8694,100.6265
2021-04-13 00:00:00,24348.2539,191.2513,24539.5053,57890.4139,194.5445
2021-04-14 00:00:00,23942.3938,191.2513,24133.6451,57484.5538,-405.8601
2021-04-15 00:00:00,23080.3603,191.2513,23271.6116,56622.5203,-862.0335
2021-04-16 00:00:00,23388.9482,191.2513,23580.1995,56931.1082,308.5879
2021-04-17 00:00:00,20765.9513,191.2513,20957.2026,54308.1113,-2622.9969
2021-04-18 00:00:00,18760.1301,191.2513,18951.3814,52302.2901,-2005.8212
2021-04-19 00:00:00,12977.4617,191.2513,13168.7130,46519.6217,-5782.6684
2021-04-20 00:00:00,12571.6016,191.2513,12762.8529,46113.7616,-405.8601
2021-04-21 00:00:00,13114.9846,191.2513,13306.2359,46657.1446,543.3830
2021-04-22 00:00:00,11411.0428,191.2513,11602.2942,44953.2028,-1703.9417
2021-04-23 00:00:00,10186.7540,191.2513,10378.0053,43728.9140,-1224.2888
2021-04-24 00:00:00,9868.1035,191.2513,10059.3548,43410.2635,-318.6505
2021-04-25 00:00:00,9328.0747,191.2513,9519.3260,42870.2347,-540.0288
2021-04-26 00:00:00,8861.8387,191.2513,9053.0900,42403.9987,-466.2360
2021-04-27 00:00:00,11172.8935,191.2513,11364.1448,44715.0535,2311.0548
2021-04-28 00:00:00,11565.3368,191.2513,11756.5881,45107.4968,392.4433
2021-04-29 00:00:00,11501.6067,191.2513,11692.8580,45043.7667,-63.7301
2021-04-30 00:00:00,11099.1007,191.2513,11290.3521,44641.2607,-402.5059
2021-05-01 00:00:00,12273.0763,191.2513,12464.3277,45815.2363,1173.9756
2021-05-02 00:00:00,12273.0763,191.2513,12464.3277,45815.2363,0.0000
2021-05-03 00:00:00,12028.2186,191.2513,12219.4699,45570.3786,-244.8578
2021-05-04 00:00:00,12360.2860,191.2513,12551.5373,45902.4460,332.0674
2021-05-05 00:00:00,9723.8722,191.2513,9915.1235,43266.0322,-2636.4138
2021-05-06 00:00:00,12705.7702,191.2513,12897.0215,46247.9302,2981.8980
2021-05-07 00:00:00,11924.2379,191.2513,12115.4892,45466.3979,-781.5323
2021-05-08 00:00:00,12628.6232,191.2513,12819.8746,46170.7832,704.3854
2021-05-09 00:00:00,13852.9121,191.2513,14044.1634,47395.0721,1224.2888
2021-05-10 00:00:00,13282.6954,191.2513,13473.9467,46824.8554,-570.2167
2021-05-11 00:00:00,11216.4983,191.2513,11407.7496,44758.6583,-2066.1971
2021-05-12 00:00:00,11987.9680,191.2513,12179.2193,45530.1280,771.4697
2021-05-13 00:00:00,5373.4540,191.2513,5564.7054,38915.6140,-6614.5140
2021-05-14 00:00:00,4239.7290,191.2513,4430.9804,37781.8890,-1133.7250
2021-05-15 00:00:00,4239.7290,191.2513,4430.9804,37781.8890,0.0000
2021-05-16 00:00:00,4632.1723,191.2513,4823.4236,38174.3323,392.4433
2021-05-17 00:00:00,4709.3193,191.2513,4900.5706,38251.4793,77.1470
2021-05-18 00:00:00,5091.6999,191.2513,5282.9512,38633.8599,382.3806
2021-05-19 00:00:00,5235.9312,191.2513,5427.1825,38778.0912,144.2313
2021-05-20 00:00:00,6272.3839,191.2513,6463.6353,39814.5439,1036.4527
2021-05-21 00:00:00,5497.5600,191.2513,5688.8114,39039.7200,-774.8239
2021-05-22 00:00:00,6158.3406,191.2513,6349.5919,39700.5006,660.7806
2021-05-23 00:00:00,6108.0273,191.2513,6299.2787,39650.1873,-50.3132
2021-05-24 00:00:00,6762.0995,191.2513,6953.3508,40304.2595,654.0721
2021-05-25 00:00:00,5655.2082,191.2513,5846.4595,39197.3682,-1106.8913
2021-05-26 00:00:00,5836.3358,191.2513,6027.5872,39378.4958,181.1277
2021-05-27 00:00:00,5541.1648,191.2513,5732.4162,39083.3248,-295.1710
2021-05-28 00:00:00,5752.4804,191.2513,5943.7318,39294.6404,211.3156
2021-05-29 00:00:00,6731.9115,191.2513,6923.1628,40274.0715,979.4311
2021-05-30 00:00:00,6255.6128,191.2513,6446.8642,39797.7728,-476.2987
2021-05-31 00:00:00,6574.2634,191.2513,6765.5147,40116.4234,318.6505
2021-06-01 00:00:00,7020.3741,191.2513,7211.6254,40562.5341,446.1107
2021-06-02 00:00:00,6869.4344,191.2513,7060.6857,40411.5944,-150.9397
2021-06-03 00:00:00,7097.5211,191.2513,7288.7724,40639.6811,228.0867
2021-06-04 00:00:00,7644.2583,191.2513,7835.5096,41186.4183,546.7372
2021-06-05 00:00:00,6798.9958,191.2513,6990.2472,40341.1558,-845.2624
2021-06-06 00:00:00,6312.6345,191.2513,6503.8858,39854.7945,-486.3613
2021-06-07 00:00:00,6419.9694,191.2513,6611.2208,39962.1294,107.3349
2021-06-08 00:00:00,5514.3311,191.2513,5705.5824,39056.4911,-905.6383
2021-06-09 00:00:00,5433.8299,191.2513,5625.0813,38975.9899,-80.5012
2021-06-10 00:00:00,7204.8560,191.2513,7396.1073,40747.0160,1771.0260
2021-06-11 00:00:00,6876.1428,191.2513,7067.3941,40418.3028,-328.7132
2021-06-12 00:00:00,7198.1475,191.2513,7389.3989,40740.3075,322.0047
2021-06-13 00:00:00,6285.8008,191.2513,6477.0521,39827.9608,-912.3468
2021-06-14 00:00:00,8097.0774,191.2513,8288.3288,41639.2374,1811.2766
2021-06-15 00:00:00,8902.0893,191.2513,9093.3406,42444.2493,805.0118
2021-06-16 00:00:00,8704.1905,191.2513,8895.4419,42246.3505,-197.8987
2021-06-17 00:00:00,7664.3836,191.2513,7855.6349,41206.5436,-1039.8070
2021-06-18 00:00:00,7510.0896,191.2513,7701.3410,41052.2496,-154.2939
2021-06-19 00:00:00,6121.4442,191.2513,6312.6955,39663.6042,-1388.6454
2021-06-20 00:00:00,5940.3165,191.2513,6131.5679,39482.4765,-181.1277
2021-06-21 00:00:00,5990.6298,191.2513,6181.8811,39532.7898,50.3132
2021-06-22 00:00:00,3357.5702,191.2513,3548.8215,36899.7302,-2633.0596
2021-06-23 00:00:00,3964.6833,191.2513,4155.9346,37506.8433,607.1131
2021-06-24 00:00:00,3894.2448,191.2513,4085.4961,37436.4048,-70.4385
2021-06-25 00:00:00,3914.3701,191.2513,4105.6214,37456.5301,20.1253
2021-06-26 00:00:00,3780.2014,191.2513,3971.4528,37322.3614,-134.1686
2021-06-27 00:00:00,3746.6593,191.2513,3937.9106,37288.8193,-33.5422
2021-06-28 00:00:00,3672.8665,191.2513,3864.1179,37215.0265,-73.7928
2021-06-29 00:00:00,3686.2834,191.2513,3877.5347,37228.4434,13.4169
2021-06-30 00:00:00,3719.8255,191.2513,3911.0769,37261.9855,33.5422
2021-07-01 00:00:00,0.0000,3803.7420,3803.7420,37154.0000,-107.3349
2021-07-02 00:00:00,0.0000,3803.7420,3803.7420,37154.0000,0.0000
2021-07-03 00:00:00,0.0000,3803.7420,3803.7420,37154.0000,0.0000
2021-07-04 00:00:00,22.2924,3803.7420,3826.0344,37176.2924,22.2924
2021-07-05 00:00:00,37.1540,3803.7420,3840.8960,37191.1540,14.8616
2021-07-06 00:00:00,0.0000,3803.7420,3803.7420,37154.0000,-37.1540
2021-07-07 00:00:00,14.8616,3803.7420,3818.6036,37168.8616,14.8616
2021-07-08 00:00:00,3.7154,3803.7420,3807.4574,37157.7154,-11.1462
2021-07-09 00:00:00,-29.7232,3803.7420,3774.0188,37124.2768,-33.4386
2021-07-10 00:00:00,0.0000,3803.7420,3803.7420,37154.0000,29.7232
2021-07-11 00:00:00,-11.1462,3803.7420,3792.5958,37142.8538,-11.1462
2021-07-12 00:00:00,11.1462,3803.7420,3814.8882,37165.1462,22.2924
2021-07-13 00:00:00,-29.7232,3803.7420,3774.0188,37124.2768,-40.8694
2021-07-14 00:00:00,-44.5848,3803.7420,3759.1572,37109.4152,-14.8616
2021-07-15 00:00:00,-40.8694,3803.7420,3762.8726,37113.1306,3.7154
2021-07-16 00:00:00,-74.3080,3803.7420,3729.4340,37079.6920,-33.4386
2021-07-17 00:00:00,-96.6004,3803.7420,3707.1416,37057.3996,-22.2924
2021-07-18 00:00:00,-92.8850,3803.7420,3710.8570,37061.1150,3.7154
2021-07-19 00:00:00,-96.6004,3803.7420,3707.1416,37057.3996,-3.7154
2021-07-20 00:00:00,-85.4542,3803.7420,3718.2878,37068.5458,11.1462
2021-07-21 00:00:00,-74.3080,3803.7420,3729.4340,37079.6920,11.1462
2021-07-22 00:00:00,-111.4620,3803.7420,3692.2800,37042.5380,-37.1540
2021-07-23 00:00:00,-118.8928,3803.7420,3684.8492,37035.1072,-7.4308
2021-07-24 00:00:00,-85.4542,3803.7420,3718.2878,37068.5458,33.4386
2021-07-25 00:00:00,-66.8772,3803.7420,3736.8648,37087.1228,18.5770
2021-07-26 00:00:00,66.8772,3803.7420,3870.6192,37220.8772,133.7544
2021-07-27 00:00:00,791.3802,3803.7420,4595.1222,37945.3802,724.5030
2021-07-28 00:00:00,1712.7994,3803.7420,5516.5414,38866.7994,921.4192
2021-07-29 00:00:00,1969.1620,3803.7420,5772.9040,39123.1620,256.3626
2021-07-30 00:00:00,2047.1854,3803.7420,5850.9274,39201.1854,78.0234
2021-07-31 00:00:00,3243.5442,3803.7420,7047.2862,40397.5442,1196.3588
2021-08-01 00:00:00,2898.0120,3803.7420,6701.7540,40052.0120,-345.5322
2021-08-02 00:00:00,2054.6162,3803.7420,5858.3582,39208.6162,-843.3958
2021-08-03 00:00:00,1716.5148,3803.7420,5520.2568,38870.5148,-338.1014
2021-08-04 00:00:00,1192.6434,3803.7420,4996.3854,38346.6434,-523.8714
2021-08-05 00:00:00,2284.9710,3803.7420,6088.7130,39438.9710,1092.3276
2021-08-06 00:00:00,2849.7118,3803.7420,6653.4538,40003.7118,564.7408
2021-08-07 00:00:00,3878.8776,3803.7420,7682.6196,41032.8776,1029.1658
2021-08-08 00:00:00,7211.5914,3803.7420,11015.3334,44365.5914,3332.7138
2021-08-09 00:00:00,6453.6498,3803.7420,10257.3918,43607.6498,-757.9416
2021-08-10 00:00:00,7486.5310,3803.7420,11290.2730,44640.5310,1032.8812
2021-08-11 00:00:00,6631.9890,3803.7420,10435.7310,43785.9890,-854.5420
2021-08-12 00:00:00,6557.6810,3803.7420,10361.4230,43711.6810,-74.3080
2021-08-13 00:00:00,4934.0512,3803.7420,8737.7932,42088.0512,-1623.6298
2021-08-14 00:00:00,9808.6560,3803.7420,13612.3980,46962.6560,4874.6048
2021-08-15 00:00:00,9403.6774,3803.7420,13207.4194,46557.6774,-404.9786
2021-08-16 00:00:00,9403.6774,3803.7420,13207.4194,46557.6774,0.0000
2021-08-17 00:00:00,8983.8372,3803.7420,12787.5792,46137.8372,-419.8402
2021-08-18 00:00:00,8341.0730,3803.7420,12144.8150,45495.0730,-642.7642
2021-08-19 00:00:00,8363.3654,3803.7420,12167.1074,45517.3654,22.2924
2021-08-20 00:00:00,9106.4454,3803.7420,12910.1874,46260.4454,743.0800
2021-08-21 00:00:00,9336.8002,3803.7420,13140.5422,46490.8002,230.3548
2021-08-22 00:00:00,9180.7534,3803.7420,12984.4954,46334.7534,-156.0468
2021-08-23 00:00:00,9258.7768,3803.7420,13062.5188,46412.7768,78.0234
2021-08-24 00:00:00,9451.9776,3803.7420,13255.7196,46605.9776,193.2008
2021-08-25 00:00:00,7672.3010,3803.7420,11476.0430,44826.3010,-1779.6766
2021-08-26 00:00:00,7787.4784,3803.7420,11591.2204,44941.4784,115.1774
2021-08-27 00:00:00,7575.7006,3803.7420,11379.4426,44729.7006,-211.7778
2021-08-28 00:00:00,7705.7396,3803.7420,11509.4816,44859.7396,130.0390
2021-08-29 00:00:00,7698.3088,3803.7420,11502.0508,44852.3088,-7.4308
2021-08-30 00:00:00,7694.5934,3803.7420,11498.3354,44848.5934,-3.7154
2021-08-31 00:00:00,7571.9852,3803.7420,11375.7272,44725.9852,-122.6082
2021-09-01 00:00:00,7482.8156,3803.7420,11286.5576,44636.8156,-89.1696
2021-09-02 00:00:00,7360.2074,3803.7420,11163.9494,44514.2074,-122.6082
2021-09-03 00:00:00,7256.1762,3803.7420,11059.9182,44410.1762,-104.0312
2021-09-04 00:00:00,7698.3088,3803.7420,11502.0508,44852.3088,442.1326
2021-09-05 00:00:00,7534.8312,3803.7420,11338.5732,44688.8312,-163.4776
2021-09-06 00:00:00,7876.6480,3803.7420,11680.3900,45030.6480,341.8168
2021-09-07 00:00:00,8121.8644,3803.7420,11925.6064,45275.8644,245.2164
2021-09-08 00:00:00,4124.0940,3803.7420,7927.8360,41278.0940,-3997.7704
2021-09-09 00:00:00,4064.6476,3803.7420,7868.3896,41218.6476,-59.4464
2021-09-10 00:00:00,4068.3630,3803.7420,7872.1050,41222.3630,3.7154
2021-09-11 00:00:00,3618.7996,3803.7420,7422.5416,40772.7996,-449.5634
2021-09-12 00:00:00,3726.5462,3803.7420,7530.2882,40880.5462,107.7466
2021-09-13 00:00:00,3990.3396,3803.7420,7794.0816,41144.3396,263.7934
2021-09-14 00:00:00,3748.8386,3803.7420,7552.5806,40902.8386,-241.5010
2021-09-15 00:00:00,4079.5092,3803.7420,7883.2512,41233.5092,330.6706
2021-09-16 00:00:00,4358.1642,3803.7420,8161.9062,41512.1642,278.6550
2021-09-17 00:00:00,4280.1408,3803.7420,8083.8828,41434.1408,-78.0234
2021-09-18 00:00:00,4053.5014,3803.7420,7857.2434,41207.5014,-226.6394
2021-09-19 00:00:00,4302.4332,3803.7420,8106.1752,41456.4332,248.9318
2021-09-20 00:00:00,3655.9536,3803.7420,7459.6956,40809.9536,-646.4796
2021-09-21 00:00:00,2927.7352,3803.7420,6731.4772,40081.7352,-728.2184
2021-09-22 00:00:00,2556.1952,3803.7420,6359.9372,39710.1952,-371.5400
2021-09-23 00:00:00,2976.0354,3803.7420,6779.7774,40130.0354,419.8402
2021-09-24 00:00:00,3120.9360,3803.7420,6924.6780,40274.9360,144.9006
2021-09-25 00:00:00,2886.8658,3803.7420,6690.6078,40040.8658,-234.0702
2021-09-26 00:00:00,2875.7196,3803.7420,6679.4616,40029.7196,-11.1462
2021-09-27 00:00:00,2924.0198,3803.7420,6727.7618,40078.0198,48.3002
2021-09-28 00:00:00,2860.8580,3803.7420,6664.6000,40014.8580,-63.1618
2021-09-29 00:00:00,3009.4740,3803.7420,6813.2160,40163.4740,148.6160
2021-09-30 00:00:00,2898.0120,3803.7420,6701.7540,40052.0120,-111.4620
2021-10-01 00:00:00,2418.7254,3803.7420,6222.4674,39572.7254,-479.2866
2021-10-02 00:00:00,1359.8364,3803.7420,5163.5784,38513.8364,-1058.8890
2021-10-03 00:00:00,1296.6746,3803.7420,5100.4166,38450.6746,-63.1618
2021-10-04 00:00:00,1240.9436,3803.7420,5044.6856,38394.9436,-55.7310
2021-10-05 00:00:00,1300.3900,3803.7420,5104.1320,38454.3900,59.4464
2021-10-06 00:00:00,1047.7428,3803.7420,4851.4848,38201.7428,-252.6472
2021-10-07 00:00:00,1214.9358,3803.7420,5018.6778,38368.9358,167.1930
2021-10-08 00:00:00,1181.4972,3803.7420,4985.2392,38335.4972,-33.4386
2021-10-09 00:00:00,1144.3432,3803.7420,4948.0852,38298.3432,-37.1540
2021-10-10 00:00:00,1214.9358,3803.7420,5018.6778,38368.9358,70.5926
2021-10-11 00:00:00,954.8578,3803.7420,4758.5998,38108.8578,-260.0780
2021-10-12 00:00:00,211.7778,3803.7420,4015.5198,37365.7778,-743.0800
2021-10-13 00:00:00,196.9162,3803.7420,4000.6582,37350.9162,-14.8616
2021-10-14 00:00:00,1359.8364,3803.7420,5163.5784,38513.8364,1162.9202
2021-10-15 00:00:00,1538.1756,3803.7420,5341.9176,38692.1756,178.3392
2021-10-16 00:00:00,1709.0840,3803.7420,5512.8260,38863.0840,170.9084
2021-10-17 00:00:00,1564.1834,3803.7420,5367.9254,38718.1834,-144.9006
2021-10-18 00:00:00,1623.6298,3803.7420,5427.3718,38777.6298,59.4464
2021-10-19 00:00:00,1452.7214,3803.7420,5256.4634,38606.7214,-170.9084
2021-10-20 00:00:00,1857.7000,3803.7420,5661.4420,39011.7000,404.9786
2021-10-21 00:00:00,3551.9224,3803.7420,7355.6644,40705.9224,1694.2224
2021-10-22 00:00:00,2738.2498,3803.7420,6541.9918,39892.2498,-813.6726
2021-10-23 00:00:00,2708.5266,3803.7420,6512.2686,39862.5266,-29.7232
2021-10-24 00:00:00,3733.9770,3803.7420,7537.7190,40887.9770,1025.4504
2021-10-25 00:00:00,3187.8132,3803.7420,6991.5552,40341.8132,-546.1638
2021-10-26 00:00:00,4324.7256,3803.7420,8128.4676,41478.7256,1136.9124
2021-10-27 00:00:00,3314.1368,3803.7420,7117.8788,40468.1368,-1010.5888
2021-10-28 00:00:00,1441.5752,3803.7420,5245.3172,38595.5752,-1872.5616
2021-10-29 00:00:00,3800.8542,3803.7420,7604.5962,40954.8542,2359.2790
2021-10-30 00:00:00,5576.8154,3803.7420,9380.5574,42730.8154,1775.9612
2021-10-31 00:00:00,10217.3500,3803.7420,14021.0920,47371.3500,4640.5346
2021-11-01 00:00:00,9470.5546,3803.7420,13274.2966,46624.5546,-746.7954
2021-11-02 00:00:00,9463.1238,3803.7420,13266.8658,46617.1238,-7.4308
2021-11-03 00:00:00,11057.0304,3803.7420,14860.7724,48211.0304,1593.9066
2021-11-04 00:00:00,11699.7946,3803.7420,15503.5366,48853.7946,642.7642
2021-11-05 00:00:00,11231.6542,3803.7420,15035.3962,48385.6542,-468.1404
2021-11-06 00:00:00,11220.5080,3803.7420,15024.2500,48374.5080,-11.1462
2021-11-07 00:00:00,11930.1494,3803.7420,15733.8914,49084.1494,709.6414
2021-11-08 00:00:00,13356.8630,3803.7420,17160.6050,50510.8630,1426.7136
2021-11-09 00:00:00,14965.6312,3803.7420,18769.3732,52119.6312,1608.7682
2021-11-10 00:00:00,14913.6156,3803.7420,18717.3576,52067.6156,-52.0156
2021-11-11 00:00:00,12580.3444,3803.7420,16384.0864,49734.3444,-2333.2712
2021-11-12 00:00:00,13817.5726,3803.7420,17621.3146,50971.5726,1237.2282
2021-11-13 00:00:00,13408.8786,3803.7420,17212.6206,50562.8786,-408.6940
2021-11-14 00:00:00,13687.5336,3803.7420,17491.2756,50841.5336,278.6550
2021-11-15 00:00:00,14107.3738,3803.7420,17911.1158,51261.3738,419.8402
2021-11-16 00:00:00,12045.3268,3803.7420,15849.0688,49199.3268,-2062.0470
2021-11-17 00:00:00,9816.0868,3803.7420,13619.8288,46970.0868,-2229.2400
2021-11-18 00:00:00,9842.0946,3803.7420,13645.8366,46996.0946,26.0078
2021-11-19 00:00:00,9451.9776,3803.7420,13255.7196,46605.9776,-390.1170
2021-11-20 00:00:00,9734.3480,3803.7420,13538.0900,46888.3480,282.3704
2021-11-21 00:00:00,9738.0634,3803.7420,13541.8054,46892.0634,3.7154
2021-11-22 00:00:00,9700.9094,3803.7420,13504.6514,46854.9094,-37.1540
2021-11-23 00:00:00,9879.2486,3803.7420,13682.9906,47033.2486,178.3392
2021-11-24 00:00:00,9875.5332,3803.7420,13679.2752,47029.5332,-3.7154
2021-11-25 00:00:00,10659.4826,3803.7420,14463.2246,47813.4826,783.9494
2021-11-26 00:00:00,10900.9836,3803.7420,14704.7256,48054.9836,241.5010
2021-11-27 00:00:00,10013.0030,3803.7420,13816.7450,47167.0030,-887.9806
2021-11-28 00:00:00,9908.9718,3803.7420,13712.7138,47062.9718,-104.0312
2021-11-29 00:00:00,9986.9952,3803.7420,13790.7372,47140.9952,78.0234
2021-11-30 00:00:00,9871.8178,3803.7420,13675.5598,47025.8178,-115.1774
2021-12-01 00:00:00,9793.7944,3803.7420,13597.5364,46947.7944,-78.0234
2021-12-02 00:00:00,9905.2564,3803.7420,13708.9984,47059.2564,111.4620
2021-12-03 00:00:00,9886.6794,3803.7420,13690.4214,47040.6794,-18.5770
2021-12-04 00:00:00,9853.2408,3803.7420,13656.9828,47007.2408,-33.4386
2021-12-05 00:00:00,9834.6638,3803.7420,13638.4058,46988.6638,-18.5770
2021-12-06 00:00:00,9819.8022,3803.7420,13623.5442,46973.8022,-14.8616
2021-12-07 00:00:00,9842.0946,3803.7420,13645.8366,46996.0946,22.2924
2021-12-08 00:00:00,9842.0946,3803.7420,13645.8366,46996.0946,0.0000
2021-12-09 00:00:00,9882.9640,3803.7420,13686.7060,47036.9640,40.8694
2021-12-10 00:00:00,9778.9328,3803.7420,13582.6748,46932.9328,-104.0312
2021-12-11 00:00:00,9738.0634,3803.7420,13541.8054,46892.0634,-40.8694
2021-12-12 00:00:00,9741.7788,3803.7420,13545.5208,46895.7788,3.7154
2021-12-13 00:00:00,9741.7788,3803.7420,13545.5208,46895.7788,0.0000
2021-12-14 00:00:00,9611.7398,3803.7420,13415.4818,46765.7398,-130.0390
2021-12-15 00:00:00,9611.7398,3803.7420,13415.4818,46765.7398,0.0000
2021-12-16 00:00:00,9619.1706,3803.7420,13422.9126,46773.1706,7.4308
2021-12-17 00:00:00,9608.0244,3803.7420,13411.7664,46762.0244,-11.1462
2021-12-18 00:00:00,9596.8782,3803.7420,13400.6202,46750.8782,-11.1462
2021-12-19 00:00:00,9596.8782,3803.7420,13400.6202,46750.8782,0.0000
2021-12-20 00:00:00,9567.1550,3803.7420,13370.8970,46721.1550,-29.7232
2021-12-21 00:00:00,9630.3168,3803.7420,13434.0588,46784.3168,63.1618
2021-12-22 00:00:00,9719.4864,3803.7420,13523.2284,46873.4864,89.1696
2021-12-23 00:00:00,9667.4708,3803.7420,13471.2128,46821.4708,-52.0156
2021-12-24 00:00:00,9827.2330,3803.7420,13630.9750,46981.2330,159.7622
2021-12-25 00:00:00,9823.5176,3803.7420,13627.2596,46977.5176,-3.7154
2021-12-26 00:00:00,9864.3870,3803.7420,13668.1290,47018.3870,40.8694
2021-12-27 00:00:00,9916.4026,3803.7420,13720.1446,47070.4026,52.0156
2021-12-28 00:00:00,8746.0516,3803.7420,12549.7936,45900.0516,-1170.3510
2021-12-29 00:00:00,4744.5658,3803.7420,8548.3078,41898.5658,-4001.4858
2021-12-30 00:00:00,4354.4488,3803.7420,8158.1908,41508.4488,-390.1170
2021-12-31 00:00:00,5933.4938,3803.7420,9737.2358,43087.4938,1579.0450
2022-01-01 00:00:00,6613.4120,3803.7420,10417.1540,43767.4120,679.9182
2022-01-02 00:00:00,10094.7418,3803.7420,13898.4838,47248.7418,3481.3298
2022-01-03 00:00:00,9552.2934,3803.7420,13356.0354,46706.2934,-542.4484
2022-01-04 00:00:00,11049.5996,3803.7420,14853.3416,48203.5996,1497.3062
2022-01-05 00:00:00,10365.9660,3803.7420,14169.7080,47519.9660,-683.6336
2022-01-06 00:00:00,7196.7298,3803.7420,11000.4718,44350.7298,-3169.2362
2022-01-07 00:00:00,7906.3712,3803.7420,11710.1132,45060.3712,709.6414
2022-01-08 00:00:00,5480.2150,3803.7420,9283.9570,42634.2150,-2426.1562
2022-01-09 00:00:00,5383.6146,3803.7420,9187.3566,42537.6146,-96.6004
2022-01-10 00:00:00,5405.9070,3803.7420,9209.6490,42559.9070,22.2924
2022-01-11 00:00:00,5398.4762,3803.7420,9202.2182,42552.4762,-7.4308
2022-01-12 00:00:00,5405.9070,3803.7420,9209.6490,42559.9070,7.4308
2022-01-13 00:00:00,5413.3378,3803.7420,9217.0798,42567.3378,7.4308
2022-01-14 00:00:00,5405.9070,3803.7420,9209.6490,42559.9070,-7.4308
2022-01-15 00:00:00,5431.9148,3803.7420,9235.6568,42585.9148,26.0078
2022-01-16 00:00:00,5413.3378,3803.7420,9217.0798,42567.3378,-18.5770
2022-01-17 00:00:00,5431.9148,3803.7420,9235.6568,42585.9148,18.5770
2022-01-18 00:00:00,4971.2052,3803.7420,8774.9472,42125.2052,-460.7096
2022-01-19 00:00:00,4967.4898,3803.7420,8771.2318,42121.4898,-3.7154
2022-01-20 00:00:00,4930.3358,3803.7420,8734.0778,42084.3358,-37.1540
2022-01-21 00:00:00,4919.1896,3803.7420,8722.9316,42073.1896,-11.1462
2022-01-22 00:00:00,4915.4742,3803.7420,8719.2162,42069.4742,-3.7154
2022-01-23 00:00:00,4919.1896,3803.7420,8722.9316,42073.1896,3.7154
2022-01-24 00:00:00,4919.1896,3803.7420,8722.9316,42073.1896,0.0000
2022-01-25 00:00:00,4919.1896,3803.7420,8722.9316,42073.1896,0.0000
2022-01-26 00:00:00,4919.1896,3803.7420,8722.9316,42073.1896,0.0000
2022-01-27 00:00:00,4919.1896,3803.7420,8722.9316,42073.1896,0.0000
2022-01-28 00:00:00,4919.1896,3803.7420,8722.9316,42073.1896,0.0000
2022-01-29 00:00:00,4919.1896,3803.7420,8722.9316,42073.1896,0.0000
2022-01-30 00:00:00,4919.1896,3803.7420,8722.9316,42073.1896,0.0000
2022-01-31 00:00:00,4919.1896,3803.7420,8722.9316,42073.1896,0.0000
2022-02-01 00:00:00,4919.1896,3803.7420,8722.9316,42073.1896,0.0000
2022-02-02 00:00:00,4919.1896,3803.7420,8722.9316,42073.1896,0.0000
2022-02-03 00:00:00,4915.4742,3803.7420,8719.2162,42069.4742,-3.7154
2022-02-04 00:00:00,4915.4742,3803.7420,8719.2162,42069.4742,0.0000
2022-02-05 00:00:00,4919.1896,3803.7420,8722.9316,42073.1896,3.7154
2022-02-06 00:00:00,4919.1896,3803.7420,8722.9316,42073.1896,0.0000
2022-02-07 00:00:00,4919.1896,3803.7420,8722.9316,42073.1896,0.0000
2022-02-08 00:00:00,4919.1896,3803.7420,8722.9316,42073.1896,0.0000
2022-02-09 00:00:00,4878.3202,3803.7420,8682.0622,42032.3202,-40.8694
2022-02-10 00:00:00,4896.8972,3803.7420,8700.6392,42050.8972,18.5770
2022-02-11 00:00:00,3930.8932,3803.7420,7734.6352,41084.8932,-966.0040
2022-02-12 00:00:00,2853.4272,3803.7420,6657.1692,40007.4272,-1077.4660
2022-02-13 00:00:00,2950.0276,3803.7420,6753.7696,40104.0276,96.6004
2022-02-14 00:00:00,2277.5402,3803.7420,6081.2822,39431.5402,-672.4874
2022-02-15 00:00:00,2448.4486,3803.7420,6252.1906,39602.4486,170.9084
2022-02-16 00:00:00,3689.3922,3803.7420,7493.1342,40843.3922,1240.9436
2022-02-17 00:00:00,3355.0062,3803.7420,7158.7482,40509.0062,-334.3860
2022-02-18 00:00:00,237.7856,3803.7420,4041.5276,37391.7856,-3117.2206
2022-02-19 00:00:00,-624.1872,3803.7420,3179.5548,36529.8128,-861.9728
2022-02-20 00:00:00,-672.4874,3803.7420,3131.2546,36481.5126,-48.3002
2022-02-21 00:00:00,-1318.9670,3803.7420,2484.7750,35835.0330,-646.4796
2022-02-22 00:00:00,-1426.7136,3803.7420,2377.0284,35727.2864,-107.7466
2022-02-23 00:00:00,-1422.9982,3803.7420,2380.7438,35731.0018,3.7154
2022-02-24 00:00:00,-2548.7644,3803.7420,1254.9776,34605.2356,-1125.7662
2022-02-25 00:00:00,-2548.7644,3803.7420,1254.9776,34605.2356,0.0000
2022-02-26 00:00:00,-1653.3530,3803.7420,2150.3890,35500.6470,895.4114
2022-02-27 00:00:00,-1653.3530,3803.7420,2150.3890,35500.6470,0.0000
2022-02-28 00:00:00,-1653.3530,3803.7420,2150.3890,35500.6470,0.0000
2022-03-01 00:00:00,-1649.6376,3803.7420,2154.1044,35504.3624,3.7154
2022-03-02 00:00:00,-1649.6376,3803.7420,2154.1044,35504.3624,0.0000
2022-03-03 00:00:00,-1642.2068,3803.7420,2161.5352,35511.7932,7.4308
2022-03-04 00:00:00,-1645.9222,3803.7420,2157.8198,35508.0778,-3.7154
2022-03-05 00:00:00,-1775.9612,3803.7420,2027.7808,35378.0388,-130.0390
2022-03-06 00:00:00,-1775.9612,3803.7420,2027.7808,35378.0388,0.0000
2022-03-07 00:00:00,-1805.6844,3803.7420,1998.0576,35348.3156,-29.7232
2022-03-08 00:00:00,-1798.2536,3803.7420,2005.4884,35355.7464,7.4308
2022-03-09 00:00:00,-1794.5382,3803.7420,2009.2038,35359.4618,3.7154
2022-03-10 00:00:00,-1764.8150,3803.7420,2038.9270,35389.1850,29.7232
2022-03-11 00:00:00,-1775.9612,3803.7420,2027.7808,35378.0388,-11.1462
2022-03-12 00:00:00,-1787.1074,3803.7420,2016.6346,35366.8926,-11.1462
2022-03-13 00:00:00,-1775.9612,3803.7420,2027.7808,35378.0388,11.1462
2022-03-14 00:00:00,-1783.3920,3803.7420,2020.3500,35370.6080,-7.4308
2022-03-15 00:00:00,-1772.2458,3803.7420,2031.4962,35381.7542,11.1462
2022-03-16 00:00:00,-1772.2458,3803.7420,2031.4962,35381.7542,0.0000
2022-03-17 00:00:00,-1764.8150,3803.7420,2038.9270,35389.1850,7.4308
2022-03-18 00:00:00,-1764.8150,3803.7420,2038.9270,35389.1850,0.0000
2022-03-19 00:00:00,-1753.6688,3803.7420,2050.0732,35400.3312,11.1462
2022-03-20 00:00:00,-1753.6688,3803.7420,2050.0732,35400.3312,0.0000
2022-03-21 00:00:00,-1816.8306,3803.7420,1986.9114,35337.1694,-63.1618
2022-03-22 00:00:00,-1790.8228,3803.7420,2012.9192,35363.1772,26.0078
2022-03-23 00:00:00,-1709.0840,3803.7420,2094.6580,35444.9160,81.7388
2022-03-24 00:00:00,-1545.6064,3803.7420,2258.1356,35608.3936,163.4776
2022-03-25 00:00:00,-1311.5362,3803.7420,2492.2058,35842.4638,234.0702
2022-03-26 00:00:00,-1538.1756,3803.7420,2265.5664,35615.8244,-226.6394
2022-03-27 00:00:00,-1181.4972,3803.7420,2622.2448,35972.5028,356.6784
2022-03-28 00:00:00,215.4932,3803.7420,4019.2352,37369.4932,1396.9904
2022-03-29 00:00:00,-226.6394,3803.7420,3577.1026,36927.3606,-442.1326
2022-03-30 00:00:00,694.7798,3803.7420,4498.5218,37848.7798,921.4192
2022-03-31 00:00:00,750.5108,3803.7420,4554.2528,37904.5108,55.7310
2022-04-01 00:00:00,-367.8246,3803.7420,3435.9174,36786.1754,-1118.3354
2022-04-02 00:00:00,397.5478,3803.7420,4201.2898,37551.5478,765.3724
2022-04-03 00:00:00,-256.3626,3803.7420,3547.3794,36897.6374,-653.9104
2022-04-04 00:00:00,282.3704,3803.7420,4086.1124,37436.3704,538.7330
2022-04-05 00:00:00,-304.6628,3803.7420,3499.0792,36849.3372,-587.0332
2022-04-06 00:00:00,-1133.1970,3803.7420,2670.5450,36020.8030,-828.5342
2022-04-07 00:00:00,-3585.3610,3803.7420,218.3810,33568.6390,-2452.1640
2022-04-08 00:00:00,-2953.7430,3803.7420,849.9990,34200.2570,631.6180
2022-04-09 00:00:00,-3440.4604,3803.7420,363.2816,33713.5396,-486.7174
2022-04-10 00:00:00,-3236.1134,3803.7420,567.6286,33917.8866,204.3470
2022-04-11 00:00:00,-3548.2070,3803.7420,255.5350,33605.7930,-312.0936
2022-04-12 00:00:00,-4153.8172,3803.7420,-350.0752,33000.1828,-605.6102
2022-04-13 00:00:00,-4098.0862,3803.7420,-294.3442,33055.9138,55.7310
2022-04-14 00:00:00,-4094.3708,3803.7420,-290.6288,33059.6292,3.7154
2022-04-15 00:00:00,-4120.3786,3803.7420,-316.6366,33033.6214,-26.0078
2022-04-16 00:00:00,-4116.6632,3803.7420,-312.9212,33037.3368,3.7154
2022-04-17 00:00:00,-4116.6632,3803.7420,-312.9212,33037.3368,0.0000
2022-04-18 00:00:00,-4116.6632,3803.7420,-312.9212,33037.3368,0.0000
2022-04-19 00:00:00,-4116.6632,3803.7420,-312.9212,33037.3368,0.0000
2022-04-20 00:00:00,-4116.6632,3803.7420,-312.9212,33037.3368,0.0000
2022-04-21 00:00:00,-4116.6632,3803.7420,-312.9212,33037.3368,0.0000
2022-04-22 00:00:00,-4116.6632,3803.7420,-312.9212,33037.3368,0.0000
2022-04-23 00:00:00,-4116.6632,3803.7420,-312.9212,33037.3368,0.0000
2022-04-24 00:00:00,-4116.6632,3803.7420,-312.9212,33037.3368,0.0000
2022-04-25 00:00:00,-4116.6632,3803.7420,-312.9212,33037.3368,0.0000
2022-04-26 00:00:00,-4116.6632,3803.7420,-312.9212,33037.3368,0.0000
2022-04-27 00:00:00,-4116.6632,3803.7420,-312.9212,33037.3368,0.0000
2022-04-28 00:00:00,-4116.6632,3803.7420,-312.9212,33037.3368,0.0000
2022-04-29 00:00:00,-4116.6632,3803.7420,-312.9212,33037.3368,0.0000
2022-04-30 00:00:00,-4116.6632,3803.7420,-312.9212,33037.3368,0.0000
2022-05-01 00:00:00,-4116.6632,3803.7420,-312.9212,33037.3368,0.0000
2022-05-02 00:00:00,-4116.6632,3803.7420,-312.9212,33037.3368,0.0000
2022-05-03 00:00:00,-4116.6632,3803.7420,-312.9212,33037.3368,0.0000
2022-05-04 00:00:00,-4116.6632,3803.7420,-312.9212,33037.3368,0.0000
2022-05-05 00:00:00,-4116.6632,3803.7420,-312.9212,33037.3368,0.0000
2022-05-06 00:00:00,-4116.6632,3803.7420,-312.9212,33037.3368,0.0000
2022-05-07 00:00:00,-4116.6632,3803.7420,-312.9212,33037.3368,0.0000
2022-05-08 00:00:00,-4116.6632,3803.7420,-312.9212,33037.3368,0.0000
2022-05-09 00:00:00,-4116.6632,3803.7420,-312.9212,33037.3368,0.0000
2022-05-10 00:00:00,-4116.6632,3803.7420,-312.9212,33037.3368,0.0000
2022-05-11 00:00:00,-4116.6632,3803.7420,-312.9212,33037.3368,0.0000
2022-05-12 00:00:00,-4116.6632,3803.7420,-312.9212,33037.3368,0.0000
2022-05-13 00:00:00,-5294.4450,3803.7420,-1490.7030,31859.5550,-1177.7818
2022-05-14 00:00:00,-5324.1682,3803.7420,-1520.4262,31829.8318,-29.7232
2022-05-15 00:00:00,-5342.7452,3803.7420,-1539.0032,31811.2548,-18.5770
2022-05-16 00:00:00,-5350.1760,3803.7420,-1546.4340,31803.8240,-7.4308
2022-05-17 00:00:00,-5342.7452,3803.7420,-1539.0032,31811.2548,7.4308
2022-05-18 00:00:00,-5346.4606,3803.7420,-1542.7186,31807.5394,-3.7154
2022-05-19 00:00:00,-5339.0298,3803.7420,-1535.2878,31814.9702,7.4308
2022-05-20 00:00:00,-5346.4606,3803.7420,-1542.7186,31807.5394,-7.4308
2022-05-21 00:00:00,-5342.7452,3803.7420,-1539.0032,31811.2548,3.7154
2022-05-22 00:00:00,-5342.7452,3803.7420,-1539.0032,31811.2548,0.0000
2022-05-23 00:00:00,-5350.1760,3803.7420,-1546.4340,31803.8240,-7.4308
2022-05-24 00:00:00,-5350.1760,3803.7420,-1546.4340,31803.8240,0.0000
2022-05-25 00:00:00,-5353.8914,3803.7420,-1550.1494,31800.1086,-3.7154
2022-05-26 00:00:00,-5350.1760,3803.7420,-1546.4340,31803.8240,3.7154
2022-05-27 00:00:00,-5342.7452,3803.7420,-1539.0032,31811.2548,7.4308
2022-05-28 00:00:00,-5342.7452,3803.7420,-1539.0032,31811.2548,0.0000
2022-05-29 00:00:00,-5350.1760,3803.7420,-1546.4340,31803.8240,-7.4308
2022-05-30 00:00:00,-5353.8914,3803.7420,-1550.1494,31800.1086,-3.7154
2022-05-31 00:00:00,-5365.0376,3803.7420,-1561.2956,31788.9624,-11.1462
2022-06-01 00:00:00,-5365.0376,3803.7420,-1561.2956,31788.9624,0.0000
2022-06-02 00:00:00,-5357.6068,3803.7420,-1553.8648,31796.3932,7.4308
2022-06-03 00:00:00,-5361.3222,3803.7420,-1557.5802,31792.6778,-3.7154
2022-06-04 00:00:00,-5353.8914,3803.7420,-1550.1494,31800.1086,7.4308
2022-06-05 00:00:00,-5357.6068,3803.7420,-1553.8648,31796.3932,-3.7154
2022-06-06 00:00:00,-5357.6068,3803.7420,-1553.8648,31796.3932,0.0000
2022-06-07 00:00:00,-5361.3222,3803.7420,-1557.5802,31792.6778,-3.7154
2022-06-08 00:00:00,-5365.0376,3803.7420,-1561.2956,31788.9624,-3.7154
2022-06-09 00:00:00,-5361.3222,3803.7420,-1557.5802,31792.6778,3.7154
2022-06-10 00:00:00,-5357.6068,3803.7420,-1553.8648,31796.3932,3.7154
2022-06-11 00:00:00,-5350.1760,3803.7420,-1546.4340,31803.8240,7.4308
2022-06-12 00:00:00,-5346.4606,3803.7420,-1542.7186,31807.5394,3.7154
2022-06-13 00:00:00,-5346.4606,3803.7420,-1542.7186,31807.5394,0.0000
2022-06-14 00:00:00,-5342.7452,3803.7420,-1539.0032,31811.2548,3.7154
2022-06-15 00:00:00,-5350.1760,3803.7420,-1546.4340,31803.8240,-7.4308
2022-06-16 00:00:00,-5342.7452,3803.7420,-1539.0032,31811.2548,7.4308
2022-06-17 00:00:00,-5342.7452,3803.7420,-1539.0032,31811.2548,0.0000
2022-06-18 00:00:00,-5342.7452,3803.7420,-1539.0032,31811.2548,0.0000
2022-06-19 00:00:00,-5339.0298,3803.7420,-1535.2878,31814.9702,3.7154
2022-06-20 00:00:00,-5342.7452,3803.7420,-1539.0032,31811.2548,-3.7154
2022-06-21 00:00:00,-5346.4606,3803.7420,-1542.7186,31807.5394,-3.7154
2022-06-22 00:00:00,-5346.4606,3803.7420,-1542.7186,31807.5394,0.0000
2022-06-23 00:00:00,-5346.4606,3803.7420,-1542.7186,31807.5394,0.0000
2022-06-24 00:00:00,-5357.6068,3803.7420,-1553.8648,31796.3932,-11.1462
2022-06-25 00:00:00,-5361.3222,3803.7420,-1557.5802,31792.6778,-3.7154
2022-06-26 00:00:00,-5365.0376,3803.7420,-1561.2956,31788.9624,-3.7154
2022-06-27 00:00:00,-5365.0376,3803.7420,-1561.2956,31788.9624,0.0000
2022-06-28 00:00:00,-5353.8914,3803.7420,-1550.1494,31800.1086,11.1462
2022-06-29 00:00:00,-5346.4606,3803.7420,-1542.7186,31807.5394,7.4308
2022-06-30 00:00:00,-5346.4606,3803.7420,-1542.7186,31807.5394,0.0000
2022-07-01 00:00:00,-5342.7452,3803.7420,-1539.0032,31811.2548,3.7154
2022-07-02 00:00:00,-5342.7452,3803.7420,-1539.0032,31811.2548,0.0000
2022-07-03 00:00:00,-5342.7452,3803.7420,-1539.0032,31811.2548,0.0000
2022-07-04 00:00:00,-5346.4606,3803.7420,-1542.7186,31807.5394,-3.7154
2022-07-05 00:00:00,-5350.1760,3803.7420,-1546.4340,31803.8240,-3.7154
2022-07-06 00:00:00,-5350.1760,3803.7420,-1546.4340,31803.8240,0.0000
2022-07-07 00:00:00,-5353.8914,3803.7420,-1550.1494,31800.1086,-3.7154
2022-07-08 00:00:00,-5365.0376,3803.7420,-1561.2956,31788.9624,-11.1462
2022-07-09 00:00:00,-5365.0376,3803.7420,-1561.2956,31788.9624,0.0000
2022-07-10 00:00:00,-5365.0376,3803.7420,-1561.2956,31788.9624,0.0000
2022-07-11 00:00:00,-5365.0376,3803.7420,-1561.2956,31788.9624,0.0000
2022-07-12 00:00:00,-5361.3222,3803.7420,-1557.5802,31792.6778,3.7154
2022-07-13 00:00:00,-5353.8914,3803.7420,-1550.1494,31800.1086,7.4308
2022-07-14 00:00:00,-5357.6068,3803.7420,-1553.8648,31796.3932,-3.7154
2022-07-15 00:00:00,-5361.3222,3803.7420,-1557.5802,31792.6778,-3.7154
2022-07-16 00:00:00,-5376.1838,3803.7420,-1572.4418,31777.8162,-14.8616
2022-07-17 00:00:00,-5379.8992,3803.7420,-1576.1572,31774.1008,-3.7154
2022-07-18 00:00:00,-5372.4684,3803.7420,-1568.7264,31781.5316,7.4308
2022-07-19 00:00:00,-5379.8992,3803.7420,-1576.1572,31774.1008,-7.4308
2022-07-20 00:00:00,-5387.3300,3803.7420,-1583.5880,31766.6700,-7.4308
2022-07-21 00:00:00,-5387.3300,3803.7420,-1583.5880,31766.6700,0.0000
2022-07-22 00:00:00,-5387.3300,3803.7420,-1583.5880,31766.6700,0.0000
2022-07-23 00:00:00,-5387.3300,3803.7420,-1583.5880,31766.6700,0.0000
2022-07-24 00:00:00,-5387.3300,3803.7420,-1583.5880,31766.6700,0.0000
2022-07-25 00:00:00,-5387.3300,3803.7420,-1583.5880,31766.6700,0.0000
2022-07-26 00:00:00,-5387.3300,3803.7420,-1583.5880,31766.6700,0.0000
2022-07-27 00:00:00,-5387.3300,3803.7420,-1583.5880,31766.6700,0.0000
2022-07-28 00:00:00,-5398.4762,3803.7420,-1594.7342,31755.5238,-11.1462
2022-07-29 00:00:00,-5391.0454,3803.7420,-1587.3034,31762.9546,7.4308
2022-07-30 00:00:00,-5365.0376,3803.7420,-1561.2956,31788.9624,26.0078
2022-07-31 00:00:00,-5394.7608,3803.7420,-1591.0188,31759.2392,-29.7232
2022-08-01 00:00:00,-5636.2618,3803.7420,-1832.5198,31517.7382,-241.5010
2022-08-02 00:00:00,-5547.0922,3803.7420,-1743.3502,31606.9078,89.1696
2022-08-03 00:00:00,-6427.6420,3803.7420,-2623.9000,30726.3580,-880.5498
2022-08-04 00:00:00,-6494.5192,3803.7420,-2690.7772,30659.4808,-66.8772
2022-08-05 00:00:00,-6494.5192,3803.7420,-2690.7772,30659.4808,0.0000
2022-08-06 00:00:00,-6201.0026,3803.7420,-2397.2606,30952.9974,293.5166
2022-08-07 00:00:00,-6464.7960,3803.7420,-2661.0540,30689.2040,-263.7934
2022-08-08 00:00:00,-6364.4802,3803.7420,-2560.7382,30789.5198,100.3158
2022-08-09 00:00:00,-5840.6088,3803.7420,-2036.8668,31313.3912,523.8714
2022-08-10 00:00:00,-7252.4608,3803.7420,-3448.7188,29901.5392,-1411.8520
2022-08-11 00:00:00,-6379.3418,3803.7420,-2575.5998,30774.6582,873.1190
2022-08-12 00:00:00,-6713.7278,3803.7420,-2909.9858,30440.2722,-334.3860
2022-08-13 00:00:00,-6435.0728,3803.7420,-2631.3308,30718.9272,278.6550
2022-08-14 00:00:00,-6449.9344,3803.7420,-2646.1924,30704.0656,-14.8616
2022-08-15 00:00:00,-6676.5738,3803.7420,-2872.8318,30477.4262,-226.6394
2022-08-16 00:00:00,-7527.4004,3803.7420,-3723.6584,29626.5996,-850.8266
2022-08-17 00:00:00,-6940.3672,3803.7420,-3136.6252,30213.6328,587.0332
2022-08-18 00:00:00,-7609.1392,3803.7420,-3805.3972,29544.8608,-668.7720
2022-08-19 00:00:00,-8463.6812,3803.7420,-4659.9392,28690.3188,-854.5420
2022-08-20 00:00:00,-8660.5974,3803.7420,-4856.8554,28493.4026,-196.9162
2022-08-21 00:00:00,-8708.8976,3803.7420,-4905.1556,28445.1024,-48.3002
2022-08-22 00:00:00,-8708.8976,3803.7420,-4905.1556,28445.1024,0.0000
2022-08-23 00:00:00,-8619.7280,3803.7420,-4815.9860,28534.2720,89.1696
2022-08-24 00:00:00,-8630.8742,3803.7420,-4827.1322,28523.1258,-11.1462
2022-08-25 00:00:00,-8653.1666,3803.7420,-4849.4246,28500.8334,-22.2924
2022-08-26 00:00:00,-8694.0360,3803.7420,-4890.2940,28459.9640,-40.8694
2022-08-27 00:00:00,-8775.7748,3803.7420,-4972.0328,28378.2252,-81.7388
2022-08-28 00:00:00,-8779.4902,3803.7420,-4975.7482,28374.5098,-3.7154
2022-08-29 00:00:00,-8779.4902,3803.7420,-4975.7482,28374.5098,0.0000
2022-08-30 00:00:00,-8779.4902,3803.7420,-4975.7482,28374.5098,0.0000
2022-08-31 00:00:00,-8779.4902,3803.7420,-4975.7482,37774.8931,-0.0000
2022-09-01 00:00:00,-8779.4902,3803.7420,-4975.7482,37774.8931,0.0000
2022-09-02 00:00:00,-8779.4902,3803.7420,-4975.7482,37774.8931,0.0000
2022-09-03 00:00:00,-8779.4902,3803.7420,-4975.7482,37774.8931,0.0000
2022-09-04 00:00:00,-8779.4902,3803.7420,-4975.7482,37774.8931,0.0000
2022-09-05 00:00:00,-8779.4902,3803.7420,-4975.7482,37774.8931,0.0000
2022-09-06 00:00:00,-8779.4902,3803.7420,-4975.7482,37774.8931,0.0000
2022-09-07 00:00:00,-8779.4902,3803.7420,-4975.7482,37774.8931,0.0000
2022-09-08 00:00:00,-8779.4902,3803.7420,-4975.7482,37774.8931,0.0000
2022-09-09 00:00:00,-8779.4902,3803.7420,-4975.7482,37774.8931,0.0000
2022-09-10 00:00:00,-8779.4902,3803.7420,-4975.7482,37774.8931,0.0000
2022-09-11 00:00:00,-8779.4902,3803.7420,-4975.7482,37774.8931,0.0000
2022-09-12 00:00:00,-8838.8458,3803.7420,-5035.1038,37715.5375,-59.3556
2022-09-13 00:00:00,-8690.4568,3803.7420,-4886.7148,37863.9265,148.3890
2022-09-14 00:00:00,-11687.9146,3803.7420,-7884.1726,34866.4687,-2997.4578
2022-09-15 00:00:00,-11267.4791,3803.7420,-7463.7371,35286.9042,420.4355
2022-09-16 00:00:00,-11440.5996,3803.7420,-7636.8576,35113.7837,-173.1205
2022-09-17 00:00:00,-11534.5793,3803.7420,-7730.8373,35019.8040,-93.9797
2022-09-18 00:00:00,-11539.5256,3803.7420,-7735.7836,35014.8577,-4.9463
2022-09-19 00:00:00,-11579.0960,3803.7420,-7775.3540,34975.2873,-39.5704
2022-09-20 00:00:00,-11534.5793,3803.7420,-7730.8373,35019.8040,44.5167
2022-09-21 00:00:00,-11519.7404,3803.7420,-7715.9984,35034.6429,14.8389
2022-09-22 00:00:00,-11544.4719,3803.7420,-7740.7299,35009.9114,-24.7315
2022-09-23 00:00:00,-11425.7607,3803.7420,-7622.0187,35128.6226,118.7112
2022-09-24 00:00:00,-11386.1903,3803.7420,-7582.4483,35168.1930,39.5704
2022-09-25 00:00:00,-11396.0829,3803.7420,-7592.3409,35158.3004,-9.8926
2022-09-26 00:00:00,-11391.1366,3803.7420,-7587.3946,35163.2467,4.9463
2022-09-27 00:00:00,-11391.1366,3803.7420,-7587.3946,35163.2467,0.0000
2022-09-28 00:00:00,-11351.5662,3803.7420,-7547.8242,35202.8171,39.5704
2022-09-29 00:00:00,-11351.5662,3803.7420,-7547.8242,35202.8171,0.0000
2022-09-30 00:00:00,-11381.2440,3803.7420,-7577.5020,35173.1393,-29.6778
2022-10-01 00:00:00,-11366.4051,3803.7420,-7562.6631,35187.9782,14.8389
2022-10-02 00:00:00,-11420.8144,3803.7420,-7617.0724,35133.5689,-54.4093
2022-10-03 00:00:00,-11450.4922,3803.7420,-7646.7502,35103.8911,-29.6778
2022-10-04 00:00:00,-11460.3848,3803.7420,-7656.6428,35093.9985,-9.8926
2022-10-05 00:00:00,-11485.1163,3803.7420,-7681.3743,35069.2670,-24.7315
2022-10-06 00:00:00,-11490.0626,3803.7420,-7686.3206,35064.3207,-4.9463
2022-10-07 00:00:00,-12133.0816,3803.7420,-8329.3396,34421.3017,-643.0190
2022-10-08 00:00:00,-12113.2964,3803.7420,-8309.5544,34441.0869,19.7852
2022-10-09 00:00:00,-12281.4706,3803.7420,-8477.7286,34272.9127,-168.1742
2022-10-10 00:00:00,-12177.5983,3803.7420,-8373.8563,34376.7850,103.8723
2022-10-11 00:00:00,-12385.3429,3803.7420,-8581.6009,34169.0404,-207.7446
2022-10-12 00:00:00,-12429.8596,3803.7420,-8626.1176,34124.5237,-44.5167
2022-10-13 00:00:00,-12464.4837,3803.7420,-8660.7417,34089.8996,-34.6241
2022-10-14 00:00:00,-12469.4300,3803.7420,-8665.6880,34084.9533,-4.9463
2022-10-15 00:00:00,-12469.4300,3803.7420,-8665.6880,34084.9533,0.0000
2022-10-16 00:00:00,-12454.5911,3803.7420,-8650.8491,34099.7922,14.8389
2022-10-17 00:00:00,-12370.5040,3803.7420,-8566.7620,34183.8793,84.0871
2022-10-18 00:00:00,-12330.9336,3803.7420,-8527.1916,34223.4497,39.5704
2022-10-19 00:00:00,-12311.1484,3803.7420,-8507.4064,34243.2349,19.7852
2022-10-20 00:00:00,-13582.3475,3803.7420,-9778.6055,32972.0358,-1271.1991
2022-10-21 00:00:00,-13849.4477,3803.7420,-10045.7057,32704.9356,-267.1002
2022-10-22 00:00:00,-13864.2866,3803.7420,-10060.5446,32690.0967,-14.8389
2022-10-23 00:00:00,-13874.1792,3803.7420,-10070.4372,32680.2041,-9.8926
2022-10-24 00:00:00,-13839.5551,3803.7420,-10035.8131,32714.8282,34.6241
2022-10-25 00:00:00,-13864.2866,3803.7420,-10060.5446,32690.0967,-24.7315
2022-10-26 00:00:00,-13656.5420,3803.7420,-9852.8000,32897.8413,207.7446
2022-10-27 00:00:00,-13572.4549,3803.7420,-9768.7129,32981.9284,84.0871
2022-10-28 00:00:00,-14027.5145,3803.7420,-10223.7725,32526.8688,-455.0596
2022-10-29 00:00:00,-13003.6304,3803.7420,-9199.8884,33550.7529,1023.8841
2022-10-30 00:00:00,-10634.3527,3803.7420,-6830.6107,35920.0306,2369.2777
2022-10-31 00:00:00,-11331.7810,3803.7420,-7528.0390,35222.6023,-697.4283
2022-11-01 00:00:00,-11208.1235,3803.7420,-7404.3815,35346.2598,123.6575
2022-11-02 00:00:00,-11653.2905,3803.7420,-7849.5485,34901.0928,-445.1670
2022-11-03 00:00:00,-12865.1340,3803.7420,-9061.3920,33689.2493,-1211.8435
2022-11-04 00:00:00,-11569.2034,3803.7420,-7765.4614,34985.1799,1295.9306
2022-11-05 00:00:00,-9323.5832,3803.7420,-5519.8412,37230.8001,2245.6202
2022-11-06 00:00:00,-9432.4018,3803.7420,-5628.6598,37121.9815,-108.8186
2022-11-07 00:00:00,-10693.7083,3803.7420,-6889.9663,35860.6750,-1261.3065
2022-11-08 00:00:00,-9877.5688,3803.7420,-6073.8268,36676.8145,816.1395
2022-11-09 00:00:00,-15130.5394,3803.7420,-11326.7974,31423.8439,-5252.9706
2022-11-10 00:00:00,-15392.6933,3803.7420,-11588.9513,31161.6900,-262.1539
2022-11-11 00:00:00,-15402.5859,3803.7420,-11598.8439,31151.7974,-9.8926
2022-11-12 00:00:00,-15397.6396,3803.7420,-11593.8976,31156.7437,4.9463
2022-11-13 00:00:00,-15407.5322,3803.7420,-11603.7902,31146.8511,-9.8926
2022-11-14 00:00:00,-15313.5525,3803.7420,-11509.8105,31240.8308,93.9797
2022-11-15 00:00:00,-15278.9284,3803.7420,-11475.1864,31275.4549,34.6241
2022-11-16 00:00:00,-15328.3914,3803.7420,-11524.6494,31225.9919,-49.4630
2022-11-17 00:00:00,-15259.1432,3803.7420,-11455.4012,31295.2401,69.2482
2022-11-18 00:00:00,-15278.9284,3803.7420,-11475.1864,31275.4549,-19.7852
2022-11-19 00:00:00,-15184.9487,3803.7420,-11381.2067,31369.4346,93.9797
2022-11-20 00:00:00,-15140.4320,3803.7420,-11336.6900,31413.9513,44.5167
2022-11-21 00:00:00,-15343.2303,3803.7420,-11539.4883,31211.1530,-202.7983
2022-11-22 00:00:00,-15387.7470,3803.7420,-11584.0050,31166.6363,-44.5167
2022-11-23 00:00:00,-15422.3711,3803.7420,-11618.6291,31132.0122,-34.6241
2022-11-24 00:00:00,-15382.8007,3803.7420,-11579.0587,31171.5826,39.5704
2022-11-25 00:00:00,-15387.7470,3803.7420,-11584.0050,31166.6363,-4.9463
2022-11-26 00:00:00,-15452.0489,3803.7420,-11648.3069,31102.3344,-64.3019
2022-11-27 00:00:00,-15437.2100,3803.7420,-11633.4680,31117.1733,14.8389
2022-11-28 00:00:00,-15447.1026,3803.7420,-11643.3606,31107.2807,-9.8926
2022-11-29 00:00:00,-15456.9952,3803.7420,-11653.2532,31097.3881,-9.8926
2022-11-30 00:00:00,-15496.5656,3803.7420,-11692.8236,31057.8177,-39.5704
2022-12-01 00:00:00,-15496.5656,3803.7420,-11692.8236,31057.8177,0.0000
2022-12-02 00:00:00,-15496.5656,3803.7420,-11692.8236,31057.8177,0.0000
2022-12-03 00:00:00,-15506.4582,3803.7420,-11702.7162,31047.9251,-9.8926
2022-12-04 00:00:00,-15570.7601,3803.7420,-11767.0181,30983.6232,-64.3019
2022-12-05 00:00:00,-15570.7601,3803.7420,-11767.0181,30983.6232,0.0000
2022-12-06 00:00:00,-15595.4916,3803.7420,-11791.7496,30958.8917,-24.7315
2022-12-07 00:00:00,-15674.6324,3803.7420,-11870.8904,30879.7509,-79.1408
2022-12-08 00:00:00,-16322.5977,3803.7420,-12518.8557,30231.7856,-647.9653
2022-12-09 00:00:00,-16258.2958,3803.7420,-12454.5538,30296.0875,64.3019
2022-12-10 00:00:00,-16253.3495,3803.7420,-12449.6075,30301.0338,4.9463
2022-12-11 00:00:00,-16248.4032,3803.7420,-12444.6612,30305.9801,4.9463
2022-12-12 00:00:00,-16332.4903,3803.7420,-12528.7483,30221.8930,-84.0871
2022-12-13 00:00:00,-17010.1334,3803.7420,-13206.3914,29544.2499,-677.6431
2022-12-14 00:00:00,-17331.6429,3803.7420,-13527.9009,29222.7404,-321.5095
2022-12-15 00:00:00,-17504.7634,3803.7420,-13701.0214,29049.6199,-173.1205
2022-12-16 00:00:00,-18162.6213,3803.7420,-14358.8793,28391.7620,-657.8579
2022-12-17 00:00:00,-19676.1891,3803.7420,-15872.4471,26878.1942,-1513.5678
2022-12-18 00:00:00,-19775.1151,3803.7420,-15971.3731,26779.2682,-98.9260
2022-12-19 00:00:00,-19785.0077,3803.7420,-15981.2657,26769.3756,-9.8926
2022-12-20 00:00:00,-19785.0077,3803.7420,-15981.2657,26769.3756,0.0000
2022-12-21 00:00:00,-19785.0077,3803.7420,-15981.2657,26769.3756,0.0000
2022-12-22 00:00:00,-19785.0077,3803.7420,-15981.2657,26769.3756,0.0000
2022-12-23 00:00:00,-19780.0614,3803.7420,-15976.3194,26774.3219,4.9463
2022-12-24 00:00:00,-19794.9003,3803.7420,-15991.1583,26759.4830,-14.8389
2022-12-25 00:00:00,-19780.0614,3803.7420,-15976.3194,26774.3219,14.8389
2022-12-26 00:00:00,-19770.1688,3803.7420,-15966.4268,26784.2145,9.8926
2022-12-27 00:00:00,-19780.0614,3803.7420,-15976.3194,26774.3219,-9.8926
2022-12-28 00:00:00,-19775.1151,3803.7420,-15971.3731,26779.2682,4.9463
2022-12-29 00:00:00,-19780.0614,3803.7420,-15976.3194,26774.3219,-4.9463
2022-12-30 00:00:00,-19794.9003,3803.7420,-15991.1583,26759.4830,-14.8389
2022-12-31 00:00:00,-19794.9003,3803.7420,-15991.1583,26759.4830,0.0000
2023-01-01 00:00:00,-19794.9003,3803.7420,-15991.1583,26759.4830,0.0000
2023-01-02 00:00:00,-19794.9003,3803.7420,-15991.1583,26759.4830,0.0000
2023-01-03 00:00:00,-19785.0077,3803.7420,-15981.2657,26769.3756,9.8926
2023-01-04 00:00:00,-19785.0077,3803.7420,-15981.2657,26769.3756,0.0000
2023-01-05 00:00:00,-19745.4373,3803.7420,-15941.6953,26808.9460,39.5704
2023-01-06 00:00:00,-19775.1151,3803.7420,-15971.3731,26779.2682,-29.6778
2023-01-07 00:00:00,-19700.9206,3803.7420,-15897.1786,26853.4627,74.1945
2023-01-08 00:00:00,-19641.5650,3803.7420,-15837.8230,26912.8183,59.3556
2023-01-09 00:00:00,-18840.2644,3803.7420,-15036.5224,27714.1189,801.3006
2023-01-10 00:00:00,-18029.0712,3803.7420,-14225.3292,28525.3121,811.1932
2023-01-11 00:00:00,-17761.9710,3803.7420,-13958.2290,28792.4123,267.1002
2023-01-12 00:00:00,-17564.1190,3803.7420,-13760.3770,28990.2643,197.8520
2023-01-13 00:00:00,-16960.6704,3803.7420,-13156.9284,29593.7129,603.4486
2023-01-14 00:00:00,-15417.4248,3803.7420,-11613.6828,31136.9585,1543.2456
2023-01-15 00:00:00,-13735.6828,3803.7420,-9931.9408,32818.7005,1681.7420
2023-01-16 00:00:00,-13473.5289,3803.7420,-9669.7869,33080.8544,262.1539
2023-01-17 00:00:00,-13424.0659,3803.7420,-9620.3239,33130.3174,49.4630
2023-01-18 00:00:00,-13483.4215,3803.7420,-9679.6795,33070.9618,-59.3556
2023-01-19 00:00:00,-15135.4857,3803.7420,-11331.7437,31418.8976,-1652.0642
2023-01-20 00:00:00,-15006.8819,3803.7420,-11203.1399,31547.5014,128.6038
2023-01-21 00:00:00,-14754.6206,3803.7420,-10950.8786,31799.7627,252.2613
2023-01-22 00:00:00,-14883.2244,3803.7420,-11079.4824,31671.1589,-128.6038
2023-01-23 00:00:00,-14873.3318,3803.7420,-11069.5898,31681.0515,9.8926
2023-01-24 00:00:00,-14705.1576,3803.7420,-10901.4156,31849.2257,168.1742
2023-01-25 00:00:00,-15397.6396,3803.7420,-11593.8976,31156.7437,-692.4820
2023-01-26 00:00:00,-14838.7077,3803.7420,-11034.9657,31715.6756,558.9319
2023-01-27 00:00:00,-14586.4464,3803.7420,-10782.7044,31967.9369,252.2613
2023-01-28 00:00:00,-14492.4667,3803.7420,-10688.7247,32061.9166,93.9797
2023-01-29 00:00:00,-14680.4261,3803.7420,-10876.6841,31873.9572,-187.9594
2023-01-30 00:00:00,-14383.6481,3803.7420,-10579.9061,32170.7352,296.7780
2023-01-31 00:00:00,-14903.0096,3803.7420,-11099.2676,31651.3737,-519.3615
2023-02-01 00:00:00,-14611.1779,3803.7420,-10807.4359,31943.2054,291.8317
2023-02-02 00:00:00,-14289.6684,3803.7420,-10485.9264,32264.7149,321.5095
2023-02-03 00:00:00,-14309.4536,3803.7420,-10505.7116,32244.9297,-19.7852
2023-02-04 00:00:00,-14027.5145,3803.7420,-10223.7725,32526.8688,281.9391
2023-02-05 00:00:00,-14146.2257,3803.7420,-10342.4837,32408.1576,-118.7112
2023-02-06 00:00:00,-14472.6815,3803.7420,-10668.9395,32081.7018,-326.4558
2023-02-07 00:00:00,-14744.7280,3803.7420,-10940.9860,31809.6553,-272.0465
2023-02-08 00:00:00,-13152.0194,3803.7420,-9348.2774,33402.3639,1592.7086
2023-02-09 00:00:00,-13963.2126,3803.7420,-10159.4706,32591.1707,-811.1932
2023-02-10 00:00:00,-17044.7575,3803.7420,-13241.0155,29509.6258,-3081.5449
2023-02-11 00:00:00,-17168.4150,3803.7420,-13364.6730,29385.9683,-123.6575
2023-02-12 00:00:00,-17079.3816,3803.7420,-13275.6396,29475.0017,89.0334
2023-02-13 00:00:00,-17064.5427,3803.7420,-13260.8007,29489.8406,14.8389
2023-02-14 00:00:00,-17089.2742,3803.7420,-13285.5322,29465.1091,-24.7315
2023-02-15 00:00:00,-17010.1334,3803.7420,-13206.3914,29544.2499,79.1408
2023-02-16 00:00:00,-16782.6036,3803.7420,-12978.8616,29771.7797,227.5298
2023-02-17 00:00:00,-17128.8446,3803.7420,-13325.1026,29425.5387,-346.2410
2023-02-18 00:00:00,-16431.4163,3803.7420,-12627.6743,30122.9670,697.4283
2023-02-19 00:00:00,-16297.8662,3803.7420,-12494.1242,30256.5171,133.5501
2023-02-20 00:00:00,-15793.3436,3803.7420,-11989.6016,30761.0397,504.5226
2023-02-21 00:00:00,-15358.0692,3803.7420,-11554.3272,31196.3141,435.2744
2023-02-22 00:00:00,-16332.4903,3803.7420,-12528.7483,30221.8930,-974.4211
2023-02-23 00:00:00,-17015.0797,3803.7420,-13211.3377,29539.3036,-682.5894
2023-02-24 00:00:00,-16980.4556,3803.7420,-13176.7136,29573.9277,34.6241
2023-02-25 00:00:00,-18583.0568,3803.7420,-14779.3148,27971.3265,-1602.6012
2023-02-26 00:00:00,-18578.1105,3803.7420,-14774.3685,27976.2728,4.9463
2023-02-27 00:00:00,-18691.8754,3803.7420,-14888.1334,27862.5079,-113.7649
2023-02-28 00:00:00,-18800.6940,3803.7420,-14996.9520,27753.6893,-108.8186
2023-03-01 00:00:00,-18899.6200,3803.7420,-15095.8780,27654.7633,-98.9260
2023-03-02 00:00:00,-18815.5329,3803.7420,-15011.7909,27738.8504,84.0871
2023-03-03 00:00:00,-18929.2978,3803.7420,-15125.5558,27625.0855,-113.7649
2023-03-04 00:00:00,-18934.2441,3803.7420,-15130.5021,27620.1392,-4.9463
2023-03-05 00:00:00,-18998.5460,3803.7420,-15194.8040,27555.8373,-64.3019
2023-03-06 00:00:00,-18949.0830,3803.7420,-15145.3410,27605.3003,49.4630
2023-03-07 00:00:00,-18963.9219,3803.7420,-15160.1799,27590.4614,-14.8389
2023-03-08 00:00:00,-18978.7608,3803.7420,-15175.0188,27575.6225,-14.8389
2023-03-09 00:00:00,-18978.7608,3803.7420,-15175.0188,27575.6225,0.0000
2023-03-10 00:00:00,-18978.7608,3803.7420,-15175.0188,27575.6225,0.0000
2023-03-11 00:00:00,-18978.7608,3803.7420,-15175.0188,27575.6225,0.0000
2023-03-12 00:00:00,-18978.7608,3803.7420,-15175.0188,27575.6225,0.0000
2023-03-13 00:00:00,-18978.7608,3803.7420,-15175.0188,27575.6225,0.0000
2023-03-14 00:00:00,-18954.0293,3803.7420,-15150.2873,27600.3540,24.7315
2023-03-15 00:00:00,-18944.1367,3803.7420,-15140.3947,27610.2466,9.8926
2023-03-16 00:00:00,-19211.2369,3803.7420,-15407.4949,27343.1464,-267.1002
2023-03-17 00:00:00,-19087.5794,3803.7420,-15283.8374,27466.8039,123.6575
2023-03-18 00:00:00,-16421.5237,3803.7420,-12617.7817,30132.8596,2666.0557
2023-03-19 00:00:00,-17123.8983,3803.7420,-13320.1563,29430.4850,-702.3746
2023-03-20 00:00:00,-16609.4831,3803.7420,-12805.7411,29944.9002,514.4152
2023-03-21 00:00:00,-18009.2860,3803.7420,-14205.5440,28545.0973,-1399.8029
2023-03-22 00:00:00,-17801.5414,3803.7420,-13997.7994,28752.8419,207.7446
2023-03-23 00:00:00,-19097.4720,3803.7420,-15293.7300,27456.9113,-1295.9306
2023-03-24 00:00:00,-18335.7418,3803.7420,-14531.9998,28218.6415,761.7302
2023-03-25 00:00:00,-19329.9481,3803.7420,-15526.2061,27224.4352,-994.2063
2023-03-26 00:00:00,-19458.5519,3803.7420,-15654.8099,27095.8314,-128.6038
2023-03-27 00:00:00,-19379.4111,3803.7420,-15575.6691,27174.9722,79.1408
2023-03-28 00:00:00,-20047.1616,3803.7420,-16243.4196,26507.2217,-667.7505
2023-03-29 00:00:00,-20111.4635,3803.7420,-16307.7215,26442.9198,-64.3019
2023-03-30 00:00:00,-19903.7189,3803.7420,-16099.9769,26650.6644,207.7446
2023-03-31 00:00:00,-20195.5506,3803.7420,-16391.8086,26358.8327,-291.8317
2023-04-01 00:00:00,-18889.7274,3803.7420,-15085.9854,27664.6559,1305.8232
2023-04-02 00:00:00,-19127.1498,3803.7420,-15323.4078,27427.2335,-237.4224
2023-04-03 00:00:00,-19908.6652,3803.7420,-16104.9232,26645.7181,-781.5154
2023-04-04 00:00:00,-18894.6737,3803.7420,-15090.9317,27659.7096,1013.9915
2023-04-05 00:00:00,-18296.1714,3803.7420,-14492.4294,28258.2119,598.5023
2023-04-06 00:00:00,-18296.1714,3803.7420,-14492.4294,28258.2119,0.0000
2023-04-07 00:00:00,-18617.6809,3803.7420,-14813.9389,27936.7024,-321.5095
2023-04-08 00:00:00,-18805.6403,3803.7420,-15001.8983,27748.7430,-187.9594
2023-04-09 00:00:00,-19062.8479,3803.7420,-15259.1059,27491.5354,-257.2076
2023-04-10 00:00:00,-19166.7202,3803.7420,-15362.9782,27387.6631,-103.8723
2023-04-11 00:00:00,-19963.0745,3803.7420,-16159.3325,26591.3088,-796.3543
2023-04-12 00:00:00,-20052.1079,3803.7420,-16248.3659,26502.2754,-89.0334
2023-04-13 00:00:00,-20002.6449,3803.7420,-16198.9029,26551.7384,49.4630
2023-04-14 00:00:00,-19671.2428,3803.7420,-15867.5008,26883.1405,331.4021
2023-04-15 00:00:00,-19176.6128,3803.7420,-15372.8708,27377.7705,494.6300
2023-04-16 00:00:00,-19127.1498,3803.7420,-15323.4078,27427.2335,49.4630
2023-04-17 00:00:00,-18691.8754,3803.7420,-14888.1334,27862.5079,435.2744
2023-04-18 00:00:00,-19226.0758,3803.7420,-15422.3338,27328.3075,-534.2004
2023-04-19 00:00:00,-18602.8420,3803.7420,-14799.1000,27951.5413,623.2338
2023-04-20 00:00:00,-20937.4956,3803.7420,-17133.7536,25616.8877,-2334.6536
2023-04-21 00:00:00,0.0000,3803.7420,3803.7420,0.0000,0.0000
2023-04-22 00:00:00,-22490.6338,3803.7420,-18686.8918,24063.7495,-1553.1382
2023-04-23 00:00:00,-22490.6338,3803.7420,-18686.8918,24063.7495,0.0000
2023-04-24 00:00:00,-22520.3116,3803.7420,-18716.5696,24034.0717,-29.6778
2023-04-25 00:00:00,-22797.3044,3803.7420,-18993.5624,23757.0789,-276.9928
2023-04-26 00:00:00,-22826.9822,3803.7420,-19023.2402,23727.4011,-29.6778
2023-04-27 00:00:00,-22807.1970,3803.7420,-19003.4550,23747.1863,19.7852
2023-04-28 00:00:00,-22807.1970,3803.7420,-19003.4550,23747.1863,0.0000
2023-04-29 00:00:00,-22812.1433,3803.7420,-19008.4013,23742.2400,-4.9463
2023-04-30 00:00:00,-22822.0359,3803.7420,-19018.2939,23732.3474,-9.8926
2023-05-01 00:00:00,-22836.8748,3803.7420,-19033.1328,23717.5085,-14.8389
2023-05-02 00:00:00,-22846.7674,3803.7420,-19043.0254,23707.6159,-9.8926
2023-05-03 00:00:00,-22841.8211,3803.7420,-19038.0791,23712.5622,4.9463
2023-05-04 00:00:00,-22841.8211,3803.7420,-19038.0791,23712.5622,0.0000
2023-05-05 00:00:00,-22846.7674,3803.7420,-19043.0254,23707.6159,-4.9463
2023-05-06 00:00:00,-22841.8211,3803.7420,-19038.0791,23712.5622,4.9463
2023-05-07 00:00:00,-22866.5526,3803.7420,-19062.8106,23687.8307,-24.7315
2023-05-08 00:00:00,-22866.5526,3803.7420,-19062.8106,23687.8307,0.0000
2023-05-09 00:00:00,-22906.1230,3803.7420,-19102.3810,23648.2603,-39.5704
2023-05-10 00:00:00,-22901.1767,3803.7420,-19097.4347,23653.2066,4.9463
2023-05-11 00:00:00,-22906.1230,3803.7420,-19102.3810,23648.2603,-4.9463
2023-05-12 00:00:00,-22906.1230,3803.7420,-19102.3810,23648.2603,0.0000
2023-05-13 00:00:00,-22906.1230,3803.7420,-19102.3810,23648.2603,0.0000
2023-05-14 00:00:00,-22906.1230,3803.7420,-19102.3810,23648.2603,0.0000
2023-05-15 00:00:00,-22906.1230,3803.7420,-19102.3810,23648.2603,0.0000
2023-05-16 00:00:00,-22906.1230,3803.7420,-19102.3810,23648.2603,0.0000
2023-05-17 00:00:00,-22906.1230,3803.7420,-19102.3810,23648.2603,0.0000
2023-05-18 00:00:00,-22906.1230,3803.7420,-19102.3810,23648.2603,0.0000
2023-05-19 00:00:00,-22906.1230,3803.7420,-19102.3810,23648.2603,0.0000
2023-05-20 00:00:00,-22906.1230,3803.7420,-19102.3810,23648.2603,0.0000
2023-05-21 00:00:00,-22906.1230,3803.7420,-19102.3810,23648.2603,0.0000
2023-05-22 00:00:00,-22906.1230,3803.7420,-19102.3810,23648.2603,0.0000
2023-05-23 00:00:00,-22906.1230,3803.7420,-19102.3810,23648.2603,0.0000
2023-05-24 00:00:00,-22906.1230,3803.7420,-19102.3810,23648.2603,0.0000
2023-05-25 00:00:00,-22906.1230,3803.7420,-19102.3810,23648.2603,0.0000
2023-05-26 00:00:00,-22906.1230,3803.7420,-19102.3810,23648.2603,0.0000
2023-05-27 00:00:00,-22906.1230,3803.7420,-19102.3810,23648.2603,0.0000
