datetime,pps,avg_price,shares,unrealized_pnl,realized_pnl,total_pnl,market_value,pnl_rate,daily_pnl,dividend_pnl
2021-11-20 00:00:00,1.2620,1.2620,7917.0000,0.0000,0.0000,0.0000,9991.2540,0.0000,0.0000,0.0000
2021-11-21 00:00:00,1.2621,1.2620,7917.0000,0.7917,0.0000,0.7917,9992.0457,0.0001,0.7917,0.2375
2021-11-22 00:00:00,1.2611,1.2620,7917.0000,-7.1253,0.0000,-7.1253,9984.1287,-0.0007,-7.9170,0.0000
2021-11-23 00:00:00,1.2659,1.2620,7917.0000,30.8763,0.0000,30.8763,10022.1303,0.0031,38.0016,9.2629
2021-11-24 00:00:00,1.2658,1.2620,7917.0000,30.0846,0.0000,30.0846,10021.3386,0.0030,-0.7917,9.0254
2021-11-25 00:00:00,1.2869,1.2620,7917.0000,197.1333,0.0000,197.1333,10188.3873,0.0197,167.0487,59.1400
2021-11-26 00:00:00,1.2934,1.2620,7917.0000,248.5938,0.0000,248.5938,10239.8478,0.0249,51.4605,74.5781
2021-11-27 00:00:00,1.2695,1.2620,7917.0000,59.3775,0.0000,59.3775,10050.6315,0.0059,-189.2163,17.8133
2021-11-28 00:00:00,1.2667,1.2620,7917.0000,37.2099,0.0000,37.2099,10028.4639,0.0037,-22.1676,11.1630
2021-11-29 00:00:00,1.2688,1.2620,7917.0000,53.8356,0.0000,53.8356,10045.0896,0.0054,16.6257,16.1507
2021-11-30 00:00:00,1.2657,1.2620,7917.0000,29.2929,0.0000,29.2929,10020.5469,0.0029,-24.5427,8.7879
2021-12-01 00:00:00,1.2636,1.2620,7917.0000,12.6672,0.0000,12.6672,10003.9212,0.0013,-16.6257,3.8002
2021-12-02 00:00:00,1.2666,1.2620,7917.0000,36.4182,0.0000,36.4182,10027.6722,0.0036,23.7510,10.9255
2021-12-03 00:00:00,1.2661,1.2620,7917.0000,32.4597,0.0000,32.4597,10023.7137,0.0032,-3.9585,9.7379
2021-12-04 00:00:00,1.2652,1.2620,7917.0000,25.3344,0.0000,25.3344,10016.5884,0.0025,-7.1253,7.6003
2021-12-05 00:00:00,1.2647,1.2620,7917.0000,21.3759,0.0000,21.3759,10012.6299,0.0021,-3.9585,6.4128
2021-12-06 00:00:00,1.2643,1.2620,7917.0000,18.2091,0.0000,18.2091,10009.4631,0.0018,-3.1668,5.4627
2021-12-07 00:00:00,1.2649,1.2620,7917.0000,22.9593,0.0000,22.9593,10014.2133,0.0023,4.7502,6.8878
2021-12-08 00:00:00,1.2649,1.2620,7917.0000,22.9593,0.0000,22.9593,10014.2133,0.0023,0.0000,6.8878
2021-12-09 00:00:00,1.2660,1.2620,7917.0000,31.6680,0.0000,31.6680,10022.9220,0.0032,8.7087,9.5004
2021-12-10 00:00:00,1.2632,1.2620,7917.0000,9.5004,0.0000,9.5004,10000.7544,0.0010,-22.1676,2.8501
2021-12-11 00:00:00,1.2621,1.2620,7917.0000,0.7917,0.0000,0.7917,9992.0457,0.0001,-8.7087,0.2375
2021-12-12 00:00:00,1.2622,1.2620,7917.0000,1.5834,0.0000,1.5834,9992.8374,0.0002,0.7917,0.4750
2021-12-13 00:00:00,1.2622,1.2620,7917.0000,1.5834,0.0000,1.5834,9992.8374,0.0002,0.0000,0.4750
2021-12-14 00:00:00,1.2587,1.2620,7917.0000,-26.1261,0.0000,-26.1261,9965.1279,-0.0026,-27.7095,0.0000
2021-12-15 00:00:00,1.2587,1.2620,7917.0000,-26.1261,0.0000,-26.1261,9965.1279,-0.0026,0.0000,0.0000
2021-12-16 00:00:00,1.2589,1.2620,7917.0000,-24.5427,0.0000,-24.5427,9966.7113,-0.0025,1.5834,0.0000
2021-12-17 00:00:00,1.2586,1.2620,7917.0000,-26.9178,0.0000,-26.9178,9964.3362,-0.0027,-2.3751,0.0000
2021-12-18 00:00:00,1.2583,1.2620,7917.0000,-29.2929,0.0000,-29.2929,9961.9611,-0.0029,-2.3751,0.0000
2021-12-19 00:00:00,1.2583,1.2620,7917.0000,-29.2929,0.0000,-29.2929,9961.9611,-0.0029,0.0000,0.0000
2021-12-20 00:00:00,1.2575,1.2620,7917.0000,-35.6265,0.0000,-35.6265,9955.6275,-0.0036,-6.3336,0.0000
2021-12-21 00:00:00,1.2592,1.2620,7917.0000,-22.1676,0.0000,-22.1676,9969.0864,-0.0022,13.4589,0.0000
2021-12-22 00:00:00,1.2616,1.2620,7917.0000,-3.1668,0.0000,-3.1668,9988.0872,-0.0003,19.0008,0.0000
2021-12-23 00:00:00,1.2602,1.2620,7917.0000,-14.2506,0.0000,-14.2506,9977.0034,-0.0014,-11.0838,0.0000
2021-12-24 00:00:00,1.2645,1.2620,7917.0000,19.7925,0.0000,19.7925,10011.0465,0.0020,34.0431,5.9377
2021-12-25 00:00:00,1.2644,1.2620,7917.0000,19.0008,0.0000,19.0008,10010.2548,0.0019,-0.7917,5.7002
2021-12-26 00:00:00,1.2655,1.2620,7917.0000,27.7095,0.0000,27.7095,10018.9635,0.0028,8.7087,8.3129
2021-12-27 00:00:00,1.2669,1.2620,7917.0000,38.7933,0.0000,38.7933,10030.0473,0.0039,11.0838,11.6380
2021-12-28 00:00:00,1.2354,1.2620,7917.0000,-210.5922,0.0000,-210.5922,9780.6618,-0.0211,-249.3855,0.0000
2021-12-29 00:00:00,1.1277,1.2620,7917.0000,-1063.2531,0.0000,-1063.2531,8928.0009,-0.1064,-852.6609,0.0000
2021-12-30 00:00:00,1.1172,1.2620,7917.0000,-1146.3816,0.0000,-1146.3816,8844.8724,-0.1147,-83.1285,0.0000
2021-12-31 00:00:00,1.1597,1.2620,7917.0000,-809.9091,0.0000,-809.9091,9181.3449,-0.0811,336.4725,0.0000
2022-01-01 00:00:00,1.1780,1.2620,7917.0000,-665.0280,0.0000,-665.0280,9326.2260,-0.0666,144.8811,0.0000
2022-01-02 00:00:00,1.2717,1.2620,7917.0000,76.7949,0.0000,76.7949,10068.0489,0.0077,741.8229,23.0385
2022-01-03 00:00:00,1.2571,1.2620,7917.0000,-38.7933,0.0000,-38.7933,9952.4607,-0.0039,-115.5882,0.0000
2022-01-04 00:00:00,1.2974,1.2620,7917.0000,280.2618,0.0000,280.2618,10271.5158,0.0281,319.0551,84.0785
2022-01-05 00:00:00,1.2790,1.2620,7917.0000,134.5890,0.0000,134.5890,10125.8430,0.0135,-145.6728,40.3767
2022-01-06 00:00:00,1.1937,1.2620,7917.0000,-540.7311,0.0000,-540.7311,9450.5229,-0.0541,-675.3201,0.0000
2022-01-07 00:00:00,1.2128,1.2620,7917.0000,-389.5164,0.0000,-389.5164,9601.7376,-0.0390,151.2147,0.0000
2022-01-08 00:00:00,1.1475,1.2620,7917.0000,-906.4965,0.0000,-906.4965,9084.7575,-0.0907,-516.9801,0.0000
2022-01-09 00:00:00,1.1449,1.2620,7917.0000,-927.0807,0.0000,-927.0807,9064.1733,-0.0928,-20.5842,0.0000
2022-01-10 00:00:00,1.1455,1.2620,7917.0000,-922.3305,0.0000,-922.3305,9068.9235,-0.0923,4.7502,0.0000
2022-01-11 00:00:00,1.1453,1.2620,7917.0000,-923.9139,0.0000,-923.9139,9067.3401,-0.0925,-1.5834,0.0000
2022-01-12 00:00:00,1.1455,1.2620,7917.0000,-922.3305,0.0000,-922.3305,9068.9235,-0.0923,1.5834,0.0000
2022-01-13 00:00:00,1.1457,1.2620,7917.0000,-920.7471,0.0000,-920.7471,9070.5069,-0.0922,1.5834,0.0000
2022-01-14 00:00:00,1.1455,1.2620,7917.0000,-922.3305,0.0000,-922.3305,9068.9235,-0.0923,-1.5834,0.0000
2022-01-15 00:00:00,1.1462,1.2620,7917.0000,-916.7886,0.0000,-916.7886,9074.4654,-0.0918,5.5419,0.0000
2022-01-16 00:00:00,1.1457,1.2620,7917.0000,-920.7471,0.0000,-920.7471,9070.5069,-0.0922,-3.9585,0.0000
2022-01-17 00:00:00,1.1462,1.2620,7917.0000,-916.7886,0.0000,-916.7886,9074.4654,-0.0918,3.9585,0.0000
2022-01-18 00:00:00,1.1338,1.2620,7917.0000,-1014.9594,0.0000,-1014.9594,8976.2946,-0.1016,-98.1708,0.0000
2022-01-19 00:00:00,1.1337,1.2620,7917.0000,-1015.7511,0.0000,-1015.7511,8975.5029,-0.1017,-0.7917,0.0000
2022-01-20 00:00:00,1.1327,1.2620,7917.0000,-1023.6681,0.0000,-1023.6681,8967.5859,-0.1025,-7.9170,0.0000
2022-01-21 00:00:00,1.1324,1.2620,7917.0000,-1026.0432,0.0000,-1026.0432,8965.2108,-0.1027,-2.3751,0.0000
2022-01-22 00:00:00,1.1323,1.2620,7917.0000,-1026.8349,0.0000,-1026.8349,8964.4191,-0.1028,-0.7917,0.0000
2022-01-23 00:00:00,1.1324,1.2620,7917.0000,-1026.0432,0.0000,-1026.0432,8965.2108,-0.1027,0.7917,0.0000
2022-01-24 00:00:00,1.1324,1.2620,7917.0000,-1026.0432,0.0000,-1026.0432,8965.2108,-0.1027,0.0000,0.0000
2022-01-25 00:00:00,1.1324,1.2620,7917.0000,-1026.0432,0.0000,-1026.0432,8965.2108,-0.1027,0.0000,0.0000
2022-01-26 00:00:00,1.1324,1.2620,7917.0000,-1026.0432,0.0000,-1026.0432,8965.2108,-0.1027,0.0000,0.0000
2022-01-27 00:00:00,1.1324,1.2620,7917.0000,-1026.0432,0.0000,-1026.0432,8965.2108,-0.1027,0.0000,0.0000
2022-01-28 00:00:00,1.1324,1.2620,7917.0000,-1026.0432,0.0000,-1026.0432,8965.2108,-0.1027,0.0000,0.0000
2022-01-29 00:00:00,1.1324,1.2620,7917.0000,-1026.0432,0.0000,-1026.0432,8965.2108,-0.1027,0.0000,0.0000
2022-01-30 00:00:00,1.1324,1.2620,7917.0000,-1026.0432,0.0000,-1026.0432,8965.2108,-0.1027,0.0000,0.0000
2022-01-31 00:00:00,1.1324,1.2620,7917.0000,-1026.0432,0.0000,-1026.0432,8965.2108,-0.1027,0.0000,0.0000
2022-02-01 00:00:00,1.1324,1.2620,7917.0000,-1026.0432,0.0000,-1026.0432,8965.2108,-0.1027,0.0000,0.0000
2022-02-02 00:00:00,1.1324,1.2620,7917.0000,-1026.0432,0.0000,-1026.0432,8965.2108,-0.1027,0.0000,0.0000
2022-02-03 00:00:00,1.1323,1.2620,7917.0000,-1026.8349,0.0000,-1026.8349,8964.4191,-0.1028,-0.7917,0.0000
2022-02-04 00:00:00,1.1323,1.2620,7917.0000,-1026.8349,0.0000,-1026.8349,8964.4191,-0.1028,0.0000,0.0000
2022-02-05 00:00:00,1.1324,1.2620,7917.0000,-1026.0432,0.0000,-1026.0432,8965.2108,-0.1027,0.7917,0.0000
2022-02-06 00:00:00,1.1324,1.2620,7917.0000,-1026.0432,0.0000,-1026.0432,8965.2108,-0.1027,0.0000,0.0000
2022-02-07 00:00:00,1.1324,1.2620,7917.0000,-1026.0432,0.0000,-1026.0432,8965.2108,-0.1027,0.0000,0.0000
2022-02-08 00:00:00,1.1324,1.2620,7917.0000,-1026.0432,0.0000,-1026.0432,8965.2108,-0.1027,0.0000,0.0000
2022-02-09 00:00:00,1.1313,1.2620,7917.0000,-1034.7519,0.0000,-1034.7519,8956.5021,-0.1036,-8.7087,0.0000
2022-02-10 00:00:00,1.1318,1.2620,7917.0000,-1030.7934,0.0000,-1030.7934,8960.4606,-0.1032,3.9585,0.0000
2022-02-11 00:00:00,1.1058,1.2620,7917.0000,-1236.6354,0.0000,-1236.6354,8754.6186,-0.1238,-205.8420,0.0000
2022-02-12 00:00:00,1.0768,1.2620,7917.0000,-1466.2284,0.0000,-1466.2284,8525.0256,-0.1468,-229.5930,0.0000
2022-02-13 00:00:00,1.0794,1.2620,7917.0000,-1445.6442,0.0000,-1445.6442,8545.6098,-0.1447,20.5842,0.0000
2022-02-14 00:00:00,1.0613,1.2620,7917.0000,-1588.9419,0.0000,-1588.9419,8402.3121,-0.1590,-143.2977,0.0000
2022-02-15 00:00:00,1.0659,1.2620,7917.0000,-1552.5237,0.0000,-1552.5237,8438.7303,-0.1554,36.4182,0.0000
2022-02-16 00:00:00,1.0993,1.2620,7917.0000,-1288.0959,0.0000,-1288.0959,8703.1581,-0.1289,264.4278,0.0000
2022-02-17 00:00:00,1.0903,1.2620,7917.0000,-1359.3489,0.0000,-1359.3489,8631.9051,-0.1361,-71.2530,0.0000
2022-02-18 00:00:00,1.0064,1.2620,7917.0000,-2023.5852,0.0000,-2023.5852,7967.6688,-0.2025,-664.2363,0.0000
2022-02-19 00:00:00,0.9832,1.2620,7917.0000,-2207.2596,0.0000,-2207.2596,7783.9944,-0.2209,-183.6744,0.0000
2022-02-20 00:00:00,0.9819,1.2620,7917.0000,-2217.5517,0.0000,-2217.5517,7773.7023,-0.2219,-10.2921,0.0000
2022-02-21 00:00:00,0.9645,1.2620,7917.0000,-2355.3075,0.0000,-2355.3075,7635.9465,-0.2357,-137.7558,0.0000
2022-02-22 00:00:00,0.9616,1.2620,7917.0000,-2378.2668,0.0000,-2378.2668,7612.9872,-0.2380,-22.9593,0.0000
2022-02-23 00:00:00,0.9617,1.2620,7917.0000,-2377.4751,0.0000,-2377.4751,7613.7789,-0.2380,0.7917,0.0000
2022-02-24 00:00:00,0.9314,1.2620,7917.0000,-2617.3602,0.0000,-2617.3602,7373.8938,-0.2620,-239.8851,0.0000
2022-02-25 00:00:00,0.9314,1.2620,7917.0000,-2617.3602,0.0000,-2617.3602,7373.8938,-0.2620,0.0000,0.0000
2022-02-26 00:00:00,0.9555,1.2620,7917.0000,-2426.5605,0.0000,-2426.5605,7564.6935,-0.2429,190.7997,0.0000
2022-02-27 00:00:00,0.9555,1.2620,7917.0000,-2426.5605,0.0000,-2426.5605,7564.6935,-0.2429,0.0000,0.0000
2022-02-28 00:00:00,0.9555,1.2620,7917.0000,-2426.5605,0.0000,-2426.5605,7564.6935,-0.2429,0.0000,0.0000
2022-03-01 00:00:00,0.9556,1.2620,7917.0000,-2425.7688,0.0000,-2425.7688,7565.4852,-0.2428,0.7917,0.0000
2022-03-02 00:00:00,0.9556,1.2620,7917.0000,-2425.7688,0.0000,-2425.7688,7565.4852,-0.2428,0.0000,0.0000
2022-03-03 00:00:00,0.9558,1.2620,7917.0000,-2424.1854,0.0000,-2424.1854,7567.0686,-0.2426,1.5834,0.0000
2022-03-04 00:00:00,0.9557,1.2620,7917.0000,-2424.9771,0.0000,-2424.9771,7566.2769,-0.2427,-0.7917,0.0000
2022-03-05 00:00:00,0.9522,1.2620,7917.0000,-2452.6866,0.0000,-2452.6866,7538.5674,-0.2455,-27.7095,0.0000
2022-03-06 00:00:00,0.9522,1.2620,7917.0000,-2452.6866,0.0000,-2452.6866,7538.5674,-0.2455,0.0000,0.0000
2022-03-07 00:00:00,0.9514,1.2620,7917.0000,-2459.0202,0.0000,-2459.0202,7532.2338,-0.2461,-6.3336,0.0000
2022-03-08 00:00:00,0.9516,1.2620,7917.0000,-2457.4368,0.0000,-2457.4368,7533.8172,-0.2460,1.5834,0.0000
2022-03-09 00:00:00,0.9517,1.2620,7917.0000,-2456.6451,0.0000,-2456.6451,7534.6089,-0.2459,0.7917,0.0000
2022-03-10 00:00:00,0.9525,1.2620,7917.0000,-2450.3115,0.0000,-2450.3115,7540.9425,-0.2452,6.3336,0.0000
2022-03-11 00:00:00,0.9522,1.2620,7917.0000,-2452.6866,0.0000,-2452.6866,7538.5674,-0.2455,-2.3751,0.0000
2022-03-12 00:00:00,0.9519,1.2620,7917.0000,-2455.0617,0.0000,-2455.0617,7536.1923,-0.2457,-2.3751,0.0000
2022-03-13 00:00:00,0.9522,1.2620,7917.0000,-2452.6866,0.0000,-2452.6866,7538.5674,-0.2455,2.3751,0.0000
2022-03-14 00:00:00,0.9520,1.2620,7917.0000,-2454.2700,0.0000,-2454.2700,7536.9840,-0.2456,-1.5834,0.0000
2022-03-15 00:00:00,0.9523,1.2620,7917.0000,-2451.8949,0.0000,-2451.8949,7539.3591,-0.2454,2.3751,0.0000
2022-03-16 00:00:00,0.9523,1.2620,7917.0000,-2451.8949,0.0000,-2451.8949,7539.3591,-0.2454,0.0000,0.0000
2022-03-17 00:00:00,0.9525,1.2620,7917.0000,-2450.3115,0.0000,-2450.3115,7540.9425,-0.2452,1.5834,0.0000
2022-03-18 00:00:00,0.9525,1.2620,7917.0000,-2450.3115,0.0000,-2450.3115,7540.9425,-0.2452,0.0000,0.0000
2022-03-19 00:00:00,0.9528,1.2620,7917.0000,-2447.9364,0.0000,-2447.9364,7543.3176,-0.2450,2.3751,0.0000
2022-03-20 00:00:00,0.9528,1.2620,7917.0000,-2447.9364,0.0000,-2447.9364,7543.3176,-0.2450,0.0000,0.0000
2022-03-21 00:00:00,0.9511,1.2620,7917.0000,-2461.3953,0.0000,-2461.3953,7529.8587,-0.2464,-13.4589,0.0000
2022-03-22 00:00:00,0.9518,1.2620,7917.0000,-2455.8534,0.0000,-2455.8534,7535.4006,-0.2458,5.5419,0.0000
2022-03-23 00:00:00,0.9540,1.2620,7917.0000,-2438.4360,0.0000,-2438.4360,7552.8180,-0.2441,17.4174,0.0000
2022-03-24 00:00:00,0.9584,1.2620,7917.0000,-2403.6012,0.0000,-2403.6012,7587.6528,-0.2406,34.8348,0.0000
2022-03-25 00:00:00,0.9647,1.2620,7917.0000,-2353.7241,0.0000,-2353.7241,7637.5299,-0.2356,49.8771,0.0000
2022-03-26 00:00:00,0.9586,1.2620,7917.0000,-2402.0178,0.0000,-2402.0178,7589.2362,-0.2404,-48.2937,0.0000
2022-03-27 00:00:00,0.9682,1.2620,7917.0000,-2326.0146,0.0000,-2326.0146,7665.2394,-0.2328,76.0032,0.0000
2022-03-28 00:00:00,1.0058,1.2620,7917.0000,-2028.3354,0.0000,-2028.3354,7962.9186,-0.2030,297.6792,0.0000
2022-03-29 00:00:00,0.9939,1.2620,7917.0000,-2122.5477,0.0000,-2122.5477,7868.7063,-0.2124,-94.2123,0.0000
2022-03-30 00:00:00,1.0187,1.2620,7917.0000,-1926.2061,0.0000,-1926.2061,8065.0479,-0.1928,196.3416,0.0000
2022-03-31 00:00:00,1.0202,1.2620,7917.0000,-1914.3306,0.0000,-1914.3306,8076.9234,-0.1916,11.8755,0.0000
2022-04-01 00:00:00,0.9901,1.2620,7917.0000,-2152.6323,0.0000,-2152.6323,7838.6217,-0.2155,-238.3017,0.0000
2022-04-02 00:00:00,1.0107,1.2620,7917.0000,-1989.5421,0.0000,-1989.5421,8001.7119,-0.1991,163.0902,0.0000
2022-04-03 00:00:00,0.9931,1.2620,7917.0000,-2128.8813,0.0000,-2128.8813,7862.3727,-0.2131,-139.3392,0.0000
2022-04-04 00:00:00,1.0076,1.2620,7917.0000,-2014.0848,0.0000,-2014.0848,7977.1692,-0.2016,114.7965,0.0000
2022-04-05 00:00:00,0.9918,1.2620,7917.0000,-2139.1734,0.0000,-2139.1734,7852.0806,-0.2141,-125.0886,0.0000
2022-04-06 00:00:00,0.9695,1.2620,7917.0000,-2315.7225,0.0000,-2315.7225,7675.5315,-0.2318,-176.5491,0.0000
2022-04-07 00:00:00,0.9035,1.2620,7917.0000,-2838.2445,0.0000,-2838.2445,7153.0095,-0.2841,-522.5220,0.0000
2022-04-08 00:00:00,0.9205,1.2620,7917.0000,-2703.6555,0.0000,-2703.6555,7287.5985,-0.2706,134.5890,0.0000
2022-04-09 00:00:00,0.9074,1.2620,7917.0000,-2807.3682,0.0000,-2807.3682,7183.8858,-0.2810,-103.7127,0.0000
2022-04-10 00:00:00,0.9129,1.2620,7917.0000,-2763.8247,0.0000,-2763.8247,7227.4293,-0.2766,43.5435,0.0000
2022-04-11 00:00:00,0.9045,1.2620,7917.0000,-2830.3275,0.0000,-2830.3275,7160.9265,-0.2833,-66.5028,0.0000
2022-04-12 00:00:00,0.8882,1.2620,7917.0000,-2959.3746,0.0000,-2959.3746,7031.8794,-0.2962,-129.0471,0.0000
2022-04-13 00:00:00,0.8897,1.2620,7917.0000,-2947.4991,0.0000,-2947.4991,7043.7549,-0.2950,11.8755,0.0000
2022-04-14 00:00:00,0.8898,1.2620,7917.0000,-2946.7074,0.0000,-2946.7074,7044.5466,-0.2949,0.7917,0.0000
2022-04-15 00:00:00,0.8891,1.2620,7917.0000,-2952.2493,0.0000,-2952.2493,7039.0047,-0.2955,-5.5419,0.0000
2022-04-16 00:00:00,0.8892,1.2620,7917.0000,-2951.4576,0.0000,-2951.4576,7039.7964,-0.2954,0.7917,0.0000
2022-04-17 00:00:00,0.8892,1.2620,7917.0000,-2951.4576,0.0000,-2951.4576,7039.7964,-0.2954,0.0000,0.0000
2022-04-18 00:00:00,0.8892,1.2620,7917.0000,-2951.4576,0.0000,-2951.4576,7039.7964,-0.2954,0.0000,0.0000
2022-04-19 00:00:00,0.8892,1.2620,7917.0000,-2951.4576,0.0000,-2951.4576,7039.7964,-0.2954,0.0000,0.0000
2022-04-20 00:00:00,0.8892,1.2620,7917.0000,-2951.4576,0.0000,-2951.4576,7039.7964,-0.2954,0.0000,0.0000
2022-04-21 00:00:00,0.8892,1.2620,7917.0000,-2951.4576,0.0000,-2951.4576,7039.7964,-0.2954,0.0000,0.0000
2022-04-22 00:00:00,0.8892,1.2620,7917.0000,-2951.4576,0.0000,-2951.4576,7039.7964,-0.2954,0.0000,0.0000
2022-04-23 00:00:00,0.8892,1.2620,7917.0000,-2951.4576,0.0000,-2951.4576,7039.7964,-0.2954,0.0000,0.0000
2022-04-24 00:00:00,0.8892,1.2620,7917.0000,-2951.4576,0.0000,-2951.4576,7039.7964,-0.2954,0.0000,0.0000
2022-04-25 00:00:00,0.8892,1.2620,7917.0000,-2951.4576,0.0000,-2951.4576,7039.7964,-0.2954,0.0000,0.0000
2022-04-26 00:00:00,0.8892,1.2620,7917.0000,-2951.4576,0.0000,-2951.4576,7039.7964,-0.2954,0.0000,0.0000
2022-04-27 00:00:00,0.8892,1.2620,7917.0000,-2951.4576,0.0000,-2951.4576,7039.7964,-0.2954,0.0000,0.0000
2022-04-28 00:00:00,0.8892,1.2620,7917.0000,-2951.4576,0.0000,-2951.4576,7039.7964,-0.2954,0.0000,0.0000
2022-04-29 00:00:00,0.8892,1.2620,7917.0000,-2951.4576,0.0000,-2951.4576,7039.7964,-0.2954,0.0000,0.0000
2022-04-30 00:00:00,0.8892,1.2620,7917.0000,-2951.4576,0.0000,-2951.4576,7039.7964,-0.2954,0.0000,0.0000
2022-05-01 00:00:00,0.8892,1.2620,7917.0000,-2951.4576,0.0000,-2951.4576,7039.7964,-0.2954,0.0000,0.0000
2022-05-02 00:00:00,0.8892,1.2620,7917.0000,-2951.4576,0.0000,-2951.4576,7039.7964,-0.2954,0.0000,0.0000
2022-05-03 00:00:00,0.8892,1.2620,7917.0000,-2951.4576,0.0000,-2951.4576,7039.7964,-0.2954,0.0000,0.0000
2022-05-04 00:00:00,0.8892,1.2620,7917.0000,-2951.4576,0.0000,-2951.4576,7039.7964,-0.2954,0.0000,0.0000
2022-05-05 00:00:00,0.8892,1.2620,7917.0000,-2951.4576,0.0000,-2951.4576,7039.7964,-0.2954,0.0000,0.0000
2022-05-06 00:00:00,0.8892,1.2620,7917.0000,-2951.4576,0.0000,-2951.4576,7039.7964,-0.2954,0.0000,0.0000
2022-05-07 00:00:00,0.8892,1.2620,7917.0000,-2951.4576,0.0000,-2951.4576,7039.7964,-0.2954,0.0000,0.0000
2022-05-08 00:00:00,0.8892,1.2620,7917.0000,-2951.4576,0.0000,-2951.4576,7039.7964,-0.2954,0.0000,0.0000
2022-05-09 00:00:00,0.8892,1.2620,7917.0000,-2951.4576,0.0000,-2951.4576,7039.7964,-0.2954,0.0000,0.0000
2022-05-10 00:00:00,0.8892,1.2620,7917.0000,-2951.4576,0.0000,-2951.4576,7039.7964,-0.2954,0.0000,0.0000
2022-05-11 00:00:00,0.8892,1.2620,7917.0000,-2951.4576,0.0000,-2951.4576,7039.7964,-0.2954,0.0000,0.0000
2022-05-12 00:00:00,0.8892,1.2620,7917.0000,-2951.4576,0.0000,-2951.4576,7039.7964,-0.2954,0.0000,0.0000
2022-05-13 00:00:00,0.8575,1.2620,7917.0000,-3202.4265,0.0000,-3202.4265,6788.8275,-0.3205,-250.9689,0.0000
2022-05-14 00:00:00,0.8567,1.2620,7917.0000,-3208.7601,0.0000,-3208.7601,6782.4939,-0.3212,-6.3336,0.0000
2022-05-15 00:00:00,0.8562,1.2620,7917.0000,-3212.7186,0.0000,-3212.7186,6778.5354,-0.3216,-3.9585,0.0000
2022-05-16 00:00:00,0.8560,1.2620,7917.0000,-3214.3020,0.0000,-3214.3020,6776.9520,-0.3217,-1.5834,0.0000
2022-05-17 00:00:00,0.8562,1.2620,7917.0000,-3212.7186,0.0000,-3212.7186,6778.5354,-0.3216,1.5834,0.0000
2022-05-18 00:00:00,0.8561,1.2620,7917.0000,-3213.5103,0.0000,-3213.5103,6777.7437,-0.3216,-0.7917,0.0000
2022-05-19 00:00:00,0.8563,1.2620,7917.0000,-3211.9269,0.0000,-3211.9269,6779.3271,-0.3215,1.5834,0.0000
2022-05-20 00:00:00,0.8561,1.2620,7917.0000,-3213.5103,0.0000,-3213.5103,6777.7437,-0.3216,-1.5834,0.0000
2022-05-21 00:00:00,0.8562,1.2620,7917.0000,-3212.7186,0.0000,-3212.7186,6778.5354,-0.3216,0.7917,0.0000
2022-05-22 00:00:00,0.8562,1.2620,7917.0000,-3212.7186,0.0000,-3212.7186,6778.5354,-0.3216,0.0000,0.0000
2022-05-23 00:00:00,0.8560,1.2620,7917.0000,-3214.3020,0.0000,-3214.3020,6776.9520,-0.3217,-1.5834,0.0000
2022-05-24 00:00:00,0.8560,1.2620,7917.0000,-3214.3020,0.0000,-3214.3020,6776.9520,-0.3217,0.0000,0.0000
2022-05-25 00:00:00,0.8559,1.2620,7917.0000,-3215.0937,0.0000,-3215.0937,6776.1603,-0.3218,-0.7917,0.0000
2022-05-26 00:00:00,0.8560,1.2620,7917.0000,-3214.3020,0.0000,-3214.3020,6776.9520,-0.3217,0.7917,0.0000
2022-05-27 00:00:00,0.8562,1.2620,7917.0000,-3212.7186,0.0000,-3212.7186,6778.5354,-0.3216,1.5834,0.0000
2022-05-28 00:00:00,0.8562,1.2620,7917.0000,-3212.7186,0.0000,-3212.7186,6778.5354,-0.3216,0.0000,0.0000
2022-05-29 00:00:00,0.8560,1.2620,7917.0000,-3214.3020,0.0000,-3214.3020,6776.9520,-0.3217,-1.5834,0.0000
2022-05-30 00:00:00,0.8559,1.2620,7917.0000,-3215.0937,0.0000,-3215.0937,6776.1603,-0.3218,-0.7917,0.0000
2022-05-31 00:00:00,0.8556,1.2620,7917.0000,-3217.4688,0.0000,-3217.4688,6773.7852,-0.3220,-2.3751,0.0000
2022-06-01 00:00:00,0.8556,1.2620,7917.0000,-3217.4688,0.0000,-3217.4688,6773.7852,-0.3220,0.0000,0.0000
2022-06-02 00:00:00,0.8558,1.2620,7917.0000,-3215.8854,0.0000,-3215.8854,6775.3686,-0.3219,1.5834,0.0000
2022-06-03 00:00:00,0.8557,1.2620,7917.0000,-3216.6771,0.0000,-3216.6771,6774.5769,-0.3219,-0.7917,0.0000
2022-06-04 00:00:00,0.8559,1.2620,7917.0000,-3215.0937,0.0000,-3215.0937,6776.1603,-0.3218,1.5834,0.0000
2022-06-05 00:00:00,0.8558,1.2620,7917.0000,-3215.8854,0.0000,-3215.8854,6775.3686,-0.3219,-0.7917,0.0000
2022-06-06 00:00:00,0.8558,1.2620,7917.0000,-3215.8854,0.0000,-3215.8854,6775.3686,-0.3219,0.0000,0.0000
2022-06-07 00:00:00,0.8557,1.2620,7917.0000,-3216.6771,0.0000,-3216.6771,6774.5769,-0.3219,-0.7917,0.0000
2022-06-08 00:00:00,0.8556,1.2620,7917.0000,-3217.4688,0.0000,-3217.4688,6773.7852,-0.3220,-0.7917,0.0000
2022-06-09 00:00:00,0.8557,1.2620,7917.0000,-3216.6771,0.0000,-3216.6771,6774.5769,-0.3219,0.7917,0.0000
2022-06-10 00:00:00,0.8558,1.2620,7917.0000,-3215.8854,0.0000,-3215.8854,6775.3686,-0.3219,0.7917,0.0000
2022-06-11 00:00:00,0.8560,1.2620,7917.0000,-3214.3020,0.0000,-3214.3020,6776.9520,-0.3217,1.5834,0.0000
2022-06-12 00:00:00,0.8561,1.2620,7917.0000,-3213.5103,0.0000,-3213.5103,6777.7437,-0.3216,0.7917,0.0000
2022-06-13 00:00:00,0.8561,1.2620,7917.0000,-3213.5103,0.0000,-3213.5103,6777.7437,-0.3216,0.0000,0.0000
2022-06-14 00:00:00,0.8562,1.2620,7917.0000,-3212.7186,0.0000,-3212.7186,6778.5354,-0.3216,0.7917,0.0000
2022-06-15 00:00:00,0.8560,1.2620,7917.0000,-3214.3020,0.0000,-3214.3020,6776.9520,-0.3217,-1.5834,0.0000
2022-06-16 00:00:00,0.8562,1.2620,7917.0000,-3212.7186,0.0000,-3212.7186,6778.5354,-0.3216,1.5834,0.0000
2022-06-17 00:00:00,0.8562,1.2620,7917.0000,-3212.7186,0.0000,-3212.7186,6778.5354,-0.3216,0.0000,0.0000
2022-06-18 00:00:00,0.8562,1.2620,7917.0000,-3212.7186,0.0000,-3212.7186,6778.5354,-0.3216,0.0000,0.0000
2022-06-19 00:00:00,0.8563,1.2620,7917.0000,-3211.9269,0.0000,-3211.9269,6779.3271,-0.3215,0.7917,0.0000
2022-06-20 00:00:00,0.8562,1.2620,7917.0000,-3212.7186,0.0000,-3212.7186,6778.5354,-0.3216,-0.7917,0.0000
2022-06-21 00:00:00,0.8561,1.2620,7917.0000,-3213.5103,0.0000,-3213.5103,6777.7437,-0.3216,-0.7917,0.0000
2022-06-22 00:00:00,0.8561,1.2620,7917.0000,-3213.5103,0.0000,-3213.5103,6777.7437,-0.3216,0.0000,0.0000
2022-06-23 00:00:00,0.8561,1.2620,7917.0000,-3213.5103,0.0000,-3213.5103,6777.7437,-0.3216,0.0000,0.0000
2022-06-24 00:00:00,0.8558,1.2620,7917.0000,-3215.8854,0.0000,-3215.8854,6775.3686,-0.3219,-2.3751,0.0000
2022-06-25 00:00:00,0.8557,1.2620,7917.0000,-3216.6771,0.0000,-3216.6771,6774.5769,-0.3219,-0.7917,0.0000
2022-06-26 00:00:00,0.8556,1.2620,7917.0000,-3217.4688,0.0000,-3217.4688,6773.7852,-0.3220,-0.7917,0.0000
2022-06-27 00:00:00,0.8556,1.2620,7917.0000,-3217.4688,0.0000,-3217.4688,6773.7852,-0.3220,0.0000,0.0000
2022-06-28 00:00:00,0.8559,1.2620,7917.0000,-3215.0937,0.0000,-3215.0937,6776.1603,-0.3218,2.3751,0.0000
2022-06-29 00:00:00,0.8561,1.2620,7917.0000,-3213.5103,0.0000,-3213.5103,6777.7437,-0.3216,1.5834,0.0000
2022-06-30 00:00:00,0.8561,1.2620,7917.0000,-3213.5103,0.0000,-3213.5103,6777.7437,-0.3216,0.0000,0.0000
2022-07-01 00:00:00,0.8562,1.2620,7917.0000,-3212.7186,0.0000,-3212.7186,6778.5354,-0.3216,0.7917,0.0000
2022-07-02 00:00:00,0.8562,1.2620,7917.0000,-3212.7186,0.0000,-3212.7186,6778.5354,-0.3216,0.0000,0.0000
2022-07-03 00:00:00,0.8562,1.2620,7917.0000,-3212.7186,0.0000,-3212.7186,6778.5354,-0.3216,0.0000,0.0000
2022-07-04 00:00:00,0.8561,1.2620,7917.0000,-3213.5103,0.0000,-3213.5103,6777.7437,-0.3216,-0.7917,0.0000
2022-07-05 00:00:00,0.8560,1.2620,7917.0000,-3214.3020,0.0000,-3214.3020,6776.9520,-0.3217,-0.7917,0.0000
2022-07-06 00:00:00,0.8560,1.2620,7917.0000,-3214.3020,0.0000,-3214.3020,6776.9520,-0.3217,0.0000,0.0000
2022-07-07 00:00:00,0.8559,1.2620,7917.0000,-3215.0937,0.0000,-3215.0937,6776.1603,-0.3218,-0.7917,0.0000
2022-07-08 00:00:00,0.8556,1.2620,7917.0000,-3217.4688,0.0000,-3217.4688,6773.7852,-0.3220,-2.3751,0.0000
2022-07-09 00:00:00,0.8556,1.2620,7917.0000,-3217.4688,0.0000,-3217.4688,6773.7852,-0.3220,0.0000,0.0000
2022-07-10 00:00:00,0.8556,1.2620,7917.0000,-3217.4688,0.0000,-3217.4688,6773.7852,-0.3220,0.0000,0.0000
2022-07-11 00:00:00,0.8556,1.2620,7917.0000,-3217.4688,0.0000,-3217.4688,6773.7852,-0.3220,0.0000,0.0000
2022-07-12 00:00:00,0.8557,1.2620,7917.0000,-3216.6771,0.0000,-3216.6771,6774.5769,-0.3219,0.7917,0.0000
2022-07-13 00:00:00,0.8559,1.2620,7917.0000,-3215.0937,0.0000,-3215.0937,6776.1603,-0.3218,1.5834,0.0000
2022-07-14 00:00:00,0.8558,1.2620,7917.0000,-3215.8854,0.0000,-3215.8854,6775.3686,-0.3219,-0.7917,0.0000
2022-07-15 00:00:00,0.8557,1.2620,7917.0000,-3216.6771,0.0000,-3216.6771,6774.5769,-0.3219,-0.7917,0.0000
2022-07-16 00:00:00,0.8553,1.2620,7917.0000,-3219.8439,0.0000,-3219.8439,6771.4101,-0.3223,-3.1668,0.0000
2022-07-17 00:00:00,0.8552,1.2620,7917.0000,-3220.6356,0.0000,-3220.6356,6770.6184,-0.3223,-0.7917,0.0000
2022-07-18 00:00:00,0.8554,1.2620,7917.0000,-3219.0522,0.0000,-3219.0522,6772.2018,-0.3222,1.5834,0.0000
2022-07-19 00:00:00,0.8552,1.2620,7917.0000,-3220.6356,0.0000,-3220.6356,6770.6184,-0.3223,-1.5834,0.0000
2022-07-20 00:00:00,0.8550,1.2620,7917.0000,-3222.2190,0.0000,-3222.2190,6769.0350,-0.3225,-1.5834,0.0000
2022-07-21 00:00:00,0.8550,1.2620,7917.0000,-3222.2190,0.0000,-3222.2190,6769.0350,-0.3225,0.0000,0.0000
2022-07-22 00:00:00,0.8550,1.2620,7917.0000,-3222.2190,0.0000,-3222.2190,6769.0350,-0.3225,0.0000,0.0000
2022-07-23 00:00:00,0.8550,1.2620,7917.0000,-3222.2190,0.0000,-3222.2190,6769.0350,-0.3225,0.0000,0.0000
2022-07-24 00:00:00,0.8550,1.2620,7917.0000,-3222.2190,0.0000,-3222.2190,6769.0350,-0.3225,0.0000,0.0000
2022-07-25 00:00:00,0.8550,1.2620,7917.0000,-3222.2190,0.0000,-3222.2190,6769.0350,-0.3225,0.0000,0.0000
2022-07-26 00:00:00,0.8550,1.2620,7917.0000,-3222.2190,0.0000,-3222.2190,6769.0350,-0.3225,0.0000,0.0000
2022-07-27 00:00:00,0.8550,1.2620,7917.0000,-3222.2190,0.0000,-3222.2190,6769.0350,-0.3225,0.0000,0.0000
2022-07-28 00:00:00,0.8547,1.2620,7917.0000,-3224.5941,0.0000,-3224.5941,6766.6599,-0.3227,-2.3751,0.0000
2022-07-29 00:00:00,0.8549,1.2620,7917.0000,-3223.0107,0.0000,-3223.0107,6768.2433,-0.3226,1.5834,0.0000
2022-07-30 00:00:00,0.8556,1.2620,7917.0000,-3217.4688,0.0000,-3217.4688,6773.7852,-0.3220,5.5419,0.0000
2022-07-31 00:00:00,0.8548,1.2620,7917.0000,-3223.8024,0.0000,-3223.8024,6767.4516,-0.3227,-6.3336,0.0000
2022-08-01 00:00:00,0.8483,1.2620,7917.0000,-3275.2629,0.0000,-3275.2629,6715.9911,-0.3278,-51.4605,0.0000
2022-08-02 00:00:00,0.8507,1.2620,7917.0000,-3256.2621,0.0000,-3256.2621,6734.9919,-0.3259,19.0008,0.0000
2022-08-03 00:00:00,0.8270,1.2620,7917.0000,-3443.8950,0.0000,-3443.8950,6547.3590,-0.3447,-187.6329,0.0000
2022-08-04 00:00:00,0.8252,1.2620,7917.0000,-3458.1456,0.0000,-3458.1456,6533.1084,-0.3461,-14.2506,0.0000
2022-08-05 00:00:00,0.8252,1.2620,7917.0000,-3458.1456,0.0000,-3458.1456,6533.1084,-0.3461,0.0000,0.0000
2022-08-06 00:00:00,0.8331,1.2620,7917.0000,-3395.6013,0.0000,-3395.6013,6595.6527,-0.3399,62.5443,0.0000
2022-08-07 00:00:00,0.8260,1.2620,7917.0000,-3451.8120,0.0000,-3451.8120,6539.4420,-0.3455,-56.2107,0.0000
2022-08-08 00:00:00,0.8287,1.2620,7917.0000,-3430.4361,0.0000,-3430.4361,6560.8179,-0.3433,21.3759,0.0000
2022-08-09 00:00:00,0.8428,1.2620,7917.0000,-3318.8064,0.0000,-3318.8064,6672.4476,-0.3322,111.6297,0.0000
2022-08-10 00:00:00,0.8048,1.2620,7917.0000,-3619.6524,0.0000,-3619.6524,6371.6016,-0.3623,-300.8460,0.0000
2022-08-11 00:00:00,0.8283,1.2620,7917.0000,-3433.6029,0.0000,-3433.6029,6557.6511,-0.3437,186.0495,0.0000
2022-08-12 00:00:00,0.8193,1.2620,7917.0000,-3504.8559,0.0000,-3504.8559,6486.3981,-0.3508,-71.2530,0.0000
2022-08-13 00:00:00,0.8268,1.2620,7917.0000,-3445.4784,0.0000,-3445.4784,6545.7756,-0.3448,59.3775,0.0000
2022-08-14 00:00:00,0.8264,1.2620,7917.0000,-3448.6452,0.0000,-3448.6452,6542.6088,-0.3452,-3.1668,0.0000
2022-08-15 00:00:00,0.8203,1.2620,7917.0000,-3496.9389,0.0000,-3496.9389,6494.3151,-0.3500,-48.2937,0.0000
2022-08-16 00:00:00,0.7974,1.2620,7917.0000,-3678.2382,0.0000,-3678.2382,6313.0158,-0.3681,-181.2993,0.0000
2022-08-17 00:00:00,0.8132,1.2620,7917.0000,-3553.1496,0.0000,-3553.1496,6438.1044,-0.3556,125.0886,0.0000
2022-08-18 00:00:00,0.7952,1.2620,7917.0000,-3695.6556,0.0000,-3695.6556,6295.5984,-0.3699,-142.5060,0.0000
2022-08-19 00:00:00,0.7722,1.2620,7917.0000,-3877.7466,0.0000,-3877.7466,6113.5074,-0.3881,-182.0910,0.0000
2022-08-20 00:00:00,0.7669,1.2620,7917.0000,-3919.7067,0.0000,-3919.7067,6071.5473,-0.3923,-41.9601,0.0000
2022-08-21 00:00:00,0.7656,1.2620,7917.0000,-3929.9988,0.0000,-3929.9988,6061.2552,-0.3933,-10.2921,0.0000
2022-08-22 00:00:00,0.7656,1.2620,7917.0000,-3929.9988,0.0000,-3929.9988,6061.2552,-0.3933,0.0000,0.0000
2022-08-23 00:00:00,0.7680,1.2620,7917.0000,-3910.9980,0.0000,-3910.9980,6080.2560,-0.3914,19.0008,0.0000
2022-08-24 00:00:00,0.7677,1.2620,7917.0000,-3913.3731,0.0000,-3913.3731,6077.8809,-0.3917,-2.3751,0.0000
2022-08-25 00:00:00,0.7671,1.2620,7917.0000,-3918.1233,0.0000,-3918.1233,6073.1307,-0.3922,-4.7502,0.0000
2022-08-26 00:00:00,0.7660,1.2620,7917.0000,-3926.8320,0.0000,-3926.8320,6064.4220,-0.3930,-8.7087,0.0000
2022-08-27 00:00:00,0.7638,1.2620,7917.0000,-3944.2494,0.0000,-3944.2494,6047.0046,-0.3948,-17.4174,0.0000
2022-08-28 00:00:00,0.7637,1.2620,7917.0000,-3945.0411,0.0000,-3945.0411,6046.2129,-0.3948,-0.7917,0.0000
2022-08-29 00:00:00,0.7637,1.2620,7917.0000,-3945.0411,0.0000,-3945.0411,6046.2129,-0.3948,0.0000,0.0000
2022-08-30 00:00:00,0.7637,1.2620,7917.0000,-3945.0411,0.0000,-3945.0411,6046.2129,-0.3948,0.0000,0.0000
2022-08-31 00:00:00,0.7637,1.2620,7917.0000,-3945.0411,0.0000,-3945.0411,6046.2129,-0.3948,0.0000,0.0000
2022-09-01 00:00:00,0.7637,1.2620,7917.0000,-3945.0411,0.0000,-3945.0411,6046.2129,-0.3948,0.0000,0.0000
2022-09-02 00:00:00,0.7637,1.2620,7917.0000,-3945.0411,0.0000,-3945.0411,6046.2129,-0.3948,0.0000,0.0000
2022-09-03 00:00:00,0.7637,1.2620,7917.0000,-3945.0411,0.0000,-3945.0411,6046.2129,-0.3948,0.0000,0.0000
2022-09-04 00:00:00,0.7637,1.2620,7917.0000,-3945.0411,0.0000,-3945.0411,6046.2129,-0.3948,0.0000,0.0000
2022-09-05 00:00:00,0.7637,1.2620,7917.0000,-3945.0411,0.0000,-3945.0411,6046.2129,-0.3948,0.0000,0.0000
2022-09-06 00:00:00,0.7637,1.2620,7917.0000,-3945.0411,0.0000,-3945.0411,6046.2129,-0.3948,0.0000,0.0000
2022-09-07 00:00:00,0.7637,1.2620,7917.0000,-3945.0411,0.0000,-3945.0411,6046.2129,-0.3948,0.0000,0.0000
2022-09-08 00:00:00,0.7637,1.2620,7917.0000,-3945.0411,0.0000,-3945.0411,6046.2129,-0.3948,0.0000,0.0000
2022-09-09 00:00:00,0.7637,1.2620,7917.0000,-3945.0411,0.0000,-3945.0411,6046.2129,-0.3948,0.0000,0.0000
2022-09-10 00:00:00,0.7637,1.2620,7917.0000,-3945.0411,0.0000,-3945.0411,6046.2129,-0.3948,0.0000,0.0000
2022-09-11 00:00:00,0.7637,1.2620,7917.0000,-3945.0411,0.0000,-3945.0411,6046.2129,-0.3948,0.0000,0.0000
2022-09-12 00:00:00,0.7625,1.2620,7917.0000,-3954.5415,0.0000,-3954.5415,6036.7125,-0.3958,-9.5004,0.0000
2022-09-13 00:00:00,0.7655,1.2620,7917.0000,-3930.7905,0.0000,-3930.7905,6060.4635,-0.3934,23.7510,0.0000
2022-09-14 00:00:00,0.7049,1.2620,7917.0000,-4410.5607,0.0000,-4410.5607,5580.6933,-0.4414,-479.7702,0.0000
2022-09-15 00:00:00,0.7134,1.2620,7917.0000,-4343.2662,0.0000,-4343.2662,5647.9878,-0.4347,67.2945,0.0000
2022-09-16 00:00:00,0.7099,1.2620,7917.0000,-4370.9757,0.0000,-4370.9757,5620.2783,-0.4375,-27.7095,0.0000
2022-09-17 00:00:00,0.7080,1.2620,7917.0000,-4386.0180,0.0000,-4386.0180,5605.2360,-0.4390,-15.0423,0.0000
2022-09-18 00:00:00,0.7079,1.2620,7917.0000,-4386.8097,0.0000,-4386.8097,5604.4443,-0.4391,-0.7917,0.0000
2022-09-19 00:00:00,0.7071,1.2620,7917.0000,-4393.1433,0.0000,-4393.1433,5598.1107,-0.4397,-6.3336,0.0000
2022-09-20 00:00:00,0.7080,1.2620,7917.0000,-4386.0180,0.0000,-4386.0180,5605.2360,-0.4390,7.1253,0.0000
2022-09-21 00:00:00,0.7083,1.2620,7917.0000,-4383.6429,0.0000,-4383.6429,5607.6111,-0.4387,2.3751,0.0000
2022-09-22 00:00:00,0.7078,1.2620,7917.0000,-4387.6014,0.0000,-4387.6014,5603.6526,-0.4391,-3.9585,0.0000
2022-09-23 00:00:00,0.7102,1.2620,7917.0000,-4368.6006,0.0000,-4368.6006,5622.6534,-0.4372,19.0008,0.0000
2022-09-24 00:00:00,0.7110,1.2620,7917.0000,-4362.2670,0.0000,-4362.2670,5628.9870,-0.4366,6.3336,0.0000
2022-09-25 00:00:00,0.7108,1.2620,7917.0000,-4363.8504,0.0000,-4363.8504,5627.4036,-0.4368,-1.5834,0.0000
2022-09-26 00:00:00,0.7109,1.2620,7917.0000,-4363.0587,0.0000,-4363.0587,5628.1953,-0.4367,0.7917,0.0000
2022-09-27 00:00:00,0.7109,1.2620,7917.0000,-4363.0587,0.0000,-4363.0587,5628.1953,-0.4367,0.0000,0.0000
2022-09-28 00:00:00,0.7117,1.2620,7917.0000,-4356.7251,0.0000,-4356.7251,5634.5289,-0.4361,6.3336,0.0000
2022-09-29 00:00:00,0.7117,1.2620,7917.0000,-4356.7251,0.0000,-4356.7251,5634.5289,-0.4361,0.0000,0.0000
2022-09-30 00:00:00,0.7111,1.2620,7917.0000,-4361.4753,0.0000,-4361.4753,5629.7787,-0.4365,-4.7502,0.0000
2022-10-01 00:00:00,0.7114,1.2620,7917.0000,-4359.1002,0.0000,-4359.1002,5632.1538,-0.4363,2.3751,0.0000
2022-10-02 00:00:00,0.7103,1.2620,7917.0000,-4367.8089,0.0000,-4367.8089,5623.4451,-0.4372,-8.7087,0.0000
2022-10-03 00:00:00,0.7097,1.2620,7917.0000,-4372.5591,0.0000,-4372.5591,5618.6949,-0.4376,-4.7502,0.0000
2022-10-04 00:00:00,0.7095,1.2620,7917.0000,-4374.1425,0.0000,-4374.1425,5617.1115,-0.4378,-1.5834,0.0000
2022-10-05 00:00:00,0.7090,1.2620,7917.0000,-4378.1010,0.0000,-4378.1010,5613.1530,-0.4382,-3.9585,0.0000
2022-10-06 00:00:00,0.7089,1.2620,7917.0000,-4378.8927,0.0000,-4378.8927,5612.3613,-0.4383,-0.7917,0.0000
2022-10-07 00:00:00,0.6959,1.2620,7917.0000,-4481.8137,0.0000,-4481.8137,5509.4403,-0.4486,-102.9210,0.0000
2022-10-08 00:00:00,0.6963,1.2620,7917.0000,-4478.6469,0.0000,-4478.6469,5512.6071,-0.4483,3.1668,0.0000
2022-10-09 00:00:00,0.6929,1.2620,7917.0000,-4505.5647,0.0000,-4505.5647,5485.6893,-0.4510,-26.9178,0.0000
2022-10-10 00:00:00,0.6950,1.2620,7917.0000,-4488.9390,0.0000,-4488.9390,5502.3150,-0.4493,16.6257,0.0000
2022-10-11 00:00:00,0.6908,1.2620,7917.0000,-4522.1904,0.0000,-4522.1904,5469.0636,-0.4526,-33.2514,0.0000
2022-10-12 00:00:00,0.6899,1.2620,7917.0000,-4529.3157,0.0000,-4529.3157,5461.9383,-0.4533,-7.1253,0.0000
2022-10-13 00:00:00,0.6892,1.2620,7917.0000,-4534.8576,0.0000,-4534.8576,5456.3964,-0.4539,-5.5419,0.0000
2022-10-14 00:00:00,0.6891,1.2620,7917.0000,-4535.6493,0.0000,-4535.6493,5455.6047,-0.4540,-0.7917,0.0000
2022-10-15 00:00:00,0.6891,1.2620,7917.0000,-4535.6493,0.0000,-4535.6493,5455.6047,-0.4540,0.0000,0.0000
2022-10-16 00:00:00,0.6894,1.2620,7917.0000,-4533.2742,0.0000,-4533.2742,5457.9798,-0.4537,2.3751,0.0000
2022-10-17 00:00:00,0.6911,1.2620,7917.0000,-4519.8153,0.0000,-4519.8153,5471.4387,-0.4524,13.4589,0.0000
2022-10-18 00:00:00,0.6919,1.2620,7917.0000,-4513.4817,0.0000,-4513.4817,5477.7723,-0.4517,6.3336,0.0000
2022-10-19 00:00:00,0.6923,1.2620,7917.0000,-4510.3149,0.0000,-4510.3149,5480.9391,-0.4514,3.1668,0.0000
2022-10-20 00:00:00,0.6666,1.2620,7917.0000,-4713.7818,0.0000,-4713.7818,5277.4722,-0.4718,-203.4669,0.0000
2022-10-21 00:00:00,0.6612,1.2620,7917.0000,-4756.5336,0.0000,-4756.5336,5234.7204,-0.4761,-42.7518,0.0000
2022-10-22 00:00:00,0.6609,1.2620,7917.0000,-4758.9087,0.0000,-4758.9087,5232.3453,-0.4763,-2.3751,0.0000
2022-10-23 00:00:00,0.6607,1.2620,7917.0000,-4760.4921,0.0000,-4760.4921,5230.7619,-0.4765,-1.5834,0.0000
2022-10-24 00:00:00,0.6614,1.2620,7917.0000,-4754.9502,0.0000,-4754.9502,5236.3038,-0.4759,5.5419,0.0000
2022-10-25 00:00:00,0.6609,1.2620,7917.0000,-4758.9087,0.0000,-4758.9087,5232.3453,-0.4763,-3.9585,0.0000
2022-10-26 00:00:00,0.6651,1.2620,7917.0000,-4725.6573,0.0000,-4725.6573,5265.5967,-0.4730,33.2514,0.0000
2022-10-27 00:00:00,0.6668,1.2620,7917.0000,-4712.1984,0.0000,-4712.1984,5279.0556,-0.4716,13.4589,0.0000
2022-10-28 00:00:00,0.6576,1.2620,7917.0000,-4785.0348,0.0000,-4785.0348,5206.2192,-0.4789,-72.8364,0.0000
2022-10-29 00:00:00,0.6783,1.2620,7917.0000,-4621.1529,0.0000,-4621.1529,5370.1011,-0.4625,163.8819,0.0000
2022-10-30 00:00:00,0.7262,1.2620,7917.0000,-4241.9286,0.0000,-4241.9286,5749.3254,-0.4246,379.2243,0.0000
2022-10-31 00:00:00,0.7121,1.2620,7917.0000,-4353.5583,0.0000,-4353.5583,5637.6957,-0.4357,-111.6297,0.0000
2022-11-01 00:00:00,0.7146,1.2620,7917.0000,-4333.7658,0.0000,-4333.7658,5657.4882,-0.4338,19.7925,0.0000
2022-11-02 00:00:00,0.7056,1.2620,7917.0000,-4405.0188,0.0000,-4405.0188,5586.2352,-0.4409,-71.2530,0.0000
2022-11-03 00:00:00,0.6811,1.2620,7917.0000,-4598.9853,0.0000,-4598.9853,5392.2687,-0.4603,-193.9665,0.0000
2022-11-04 00:00:00,0.7073,1.2620,7917.0000,-4391.5599,0.0000,-4391.5599,5599.6941,-0.4395,207.4254,0.0000
2022-11-05 00:00:00,0.7527,1.2620,7917.0000,-4032.1281,0.0000,-4032.1281,5959.1259,-0.4036,359.4318,0.0000
2022-11-06 00:00:00,0.7505,1.2620,7917.0000,-4049.5455,0.0000,-4049.5455,5941.7085,-0.4053,-17.4174,0.0000
2022-11-07 00:00:00,0.7250,1.2620,7917.0000,-4251.4290,0.0000,-4251.4290,5739.8250,-0.4255,-201.8835,0.0000
2022-11-08 00:00:00,0.7415,1.2620,7917.0000,-4120.7985,0.0000,-4120.7985,5870.4555,-0.4124,130.6305,0.0000
2022-11-09 00:00:00,0.6353,1.2620,7917.0000,-4961.5839,0.0000,-4961.5839,5029.6701,-0.4966,-840.7854,0.0000
2022-11-10 00:00:00,0.6300,1.2620,7917.0000,-5003.5440,0.0000,-5003.5440,4987.7100,-0.5008,-41.9601,0.0000
2022-11-11 00:00:00,0.6298,1.2620,7917.0000,-5005.1274,0.0000,-5005.1274,4986.1266,-0.5010,-1.5834,0.0000
2022-11-12 00:00:00,0.6299,1.2620,7917.0000,-5004.3357,0.0000,-5004.3357,4986.9183,-0.5009,0.7917,0.0000
2022-11-13 00:00:00,0.6297,1.2620,7917.0000,-5005.9191,0.0000,-5005.9191,4985.3349,-0.5010,-1.5834,0.0000
2022-11-14 00:00:00,0.6316,1.2620,7917.0000,-4990.8768,0.0000,-4990.8768,5000.3772,-0.4995,15.0423,0.0000
2022-11-15 00:00:00,0.6323,1.2620,7917.0000,-4985.3349,0.0000,-4985.3349,5005.9191,-0.4990,5.5419,0.0000
2022-11-16 00:00:00,0.6313,1.2620,7917.0000,-4993.2519,0.0000,-4993.2519,4998.0021,-0.4998,-7.9170,0.0000
2022-11-17 00:00:00,0.6327,1.2620,7917.0000,-4982.1681,0.0000,-4982.1681,5009.0859,-0.4987,11.0838,0.0000
2022-11-18 00:00:00,0.6323,1.2620,7917.0000,-4985.3349,0.0000,-4985.3349,5005.9191,-0.4990,-3.1668,0.0000
2022-11-19 00:00:00,0.6342,1.2620,7917.0000,-4970.2926,0.0000,-4970.2926,5020.9614,-0.4975,15.0423,0.0000
2022-11-20 00:00:00,0.6351,1.2620,7917.0000,-4963.1673,0.0000,-4963.1673,5028.0867,-0.4968,7.1253,0.0000
2022-11-21 00:00:00,0.6310,1.2620,7917.0000,-4995.6270,0.0000,-4995.6270,4995.6270,-0.5000,-32.4597,0.0000
2022-11-22 00:00:00,0.6301,1.2620,7917.0000,-5002.7523,0.0000,-5002.7523,4988.5017,-0.5007,-7.1253,0.0000
2022-11-23 00:00:00,0.6294,1.2620,7917.0000,-5008.2942,0.0000,-5008.2942,4982.9598,-0.5013,-5.5419,0.0000
2022-11-24 00:00:00,0.6302,1.2620,7917.0000,-5001.9606,0.0000,-5001.9606,4989.2934,-0.5006,6.3336,0.0000
2022-11-25 00:00:00,0.6301,1.2620,7917.0000,-5002.7523,0.0000,-5002.7523,4988.5017,-0.5007,-0.7917,0.0000
2022-11-26 00:00:00,0.6288,1.2620,7917.0000,-5013.0444,0.0000,-5013.0444,4978.2096,-0.5017,-10.2921,0.0000
2022-11-27 00:00:00,0.6291,1.2620,7917.0000,-5010.6693,0.0000,-5010.6693,4980.5847,-0.5015,2.3751,0.0000
2022-11-28 00:00:00,0.6289,1.2620,7917.0000,-5012.2527,0.0000,-5012.2527,4979.0013,-0.5017,-1.5834,0.0000
2022-11-29 00:00:00,0.6287,1.2620,7917.0000,-5013.8361,0.0000,-5013.8361,4977.4179,-0.5018,-1.5834,0.0000
2022-11-30 00:00:00,0.6279,1.2620,7917.0000,-5020.1697,0.0000,-5020.1697,4971.0843,-0.5025,-6.3336,0.0000
2022-12-01 00:00:00,0.6279,1.2620,7917.0000,-5020.1697,0.0000,-5020.1697,4971.0843,-0.5025,0.0000,0.0000
2022-12-02 00:00:00,0.6279,1.2620,7917.0000,-5020.1697,0.0000,-5020.1697,4971.0843,-0.5025,0.0000,0.0000
2022-12-03 00:00:00,0.6277,1.2620,7917.0000,-5021.7531,0.0000,-5021.7531,4969.5009,-0.5026,-1.5834,0.0000
2022-12-04 00:00:00,0.6264,1.2620,7917.0000,-5032.0452,0.0000,-5032.0452,4959.2088,-0.5036,-10.2921,0.0000
2022-12-05 00:00:00,0.6264,1.2620,7917.0000,-5032.0452,0.0000,-5032.0452,4959.2088,-0.5036,0.0000,0.0000
2022-12-06 00:00:00,0.6259,1.2620,7917.0000,-5036.0037,0.0000,-5036.0037,4955.2503,-0.5040,-3.9585,0.0000
2022-12-07 00:00:00,0.6243,1.2620,7917.0000,-5048.6709,0.0000,-5048.6709,4942.5831,-0.5053,-12.6672,0.0000
2022-12-08 00:00:00,0.6112,1.2620,7917.0000,-5152.3836,0.0000,-5152.3836,4838.8704,-0.5157,-103.7127,0.0000
2022-12-09 00:00:00,0.6125,1.2620,7917.0000,-5142.0915,0.0000,-5142.0915,4849.1625,-0.5147,10.2921,0.0000
2022-12-10 00:00:00,0.6126,1.2620,7917.0000,-5141.2998,0.0000,-5141.2998,4849.9542,-0.5146,0.7917,0.0000
2022-12-11 00:00:00,0.6127,1.2620,7917.0000,-5140.5081,0.0000,-5140.5081,4850.7459,-0.5145,0.7917,0.0000
2022-12-12 00:00:00,0.6110,1.2620,7917.0000,-5153.9670,0.0000,-5153.9670,4837.2870,-0.5158,-13.4589,0.0000
2022-12-13 00:00:00,0.5973,1.2620,7917.0000,-5262.4299,0.0000,-5262.4299,4728.8241,-0.5267,-108.4629,0.0000
2022-12-14 00:00:00,0.5908,1.2620,7917.0000,-5313.8904,0.0000,-5313.8904,4677.3636,-0.5319,-51.4605,0.0000
2022-12-15 00:00:00,0.5873,1.2620,7917.0000,-5341.5999,0.0000,-5341.5999,4649.6541,-0.5346,-27.7095,0.0000
2022-12-16 00:00:00,0.5740,1.2620,7917.0000,-5446.8960,0.0000,-5446.8960,4544.3580,-0.5452,-105.2961,0.0000
2022-12-17 00:00:00,0.5434,1.2620,7917.0000,-5689.1562,0.0000,-5689.1562,4302.0978,-0.5694,-242.2602,0.0000
2022-12-18 00:00:00,0.5414,1.2620,7917.0000,-5704.9902,0.0000,-5704.9902,4286.2638,-0.5710,-15.8340,0.0000
2022-12-19 00:00:00,0.5412,1.2620,7917.0000,-5706.5736,0.0000,-5706.5736,4284.6804,-0.5712,-1.5834,0.0000
2022-12-20 00:00:00,0.5412,1.2620,7917.0000,-5706.5736,0.0000,-5706.5736,4284.6804,-0.5712,0.0000,0.0000
2022-12-21 00:00:00,0.5412,1.2620,7917.0000,-5706.5736,0.0000,-5706.5736,4284.6804,-0.5712,0.0000,0.0000
2022-12-22 00:00:00,0.5412,1.2620,7917.0000,-5706.5736,0.0000,-5706.5736,4284.6804,-0.5712,0.0000,0.0000
2022-12-23 00:00:00,0.5413,1.2620,7917.0000,-5705.7819,0.0000,-5705.7819,4285.4721,-0.5711,0.7917,0.0000
2022-12-24 00:00:00,0.5410,1.2620,7917.0000,-5708.1570,0.0000,-5708.1570,4283.0970,-0.5713,-2.3751,0.0000
2022-12-25 00:00:00,0.5413,1.2620,7917.0000,-5705.7819,0.0000,-5705.7819,4285.4721,-0.5711,2.3751,0.0000
2022-12-26 00:00:00,0.5415,1.2620,7917.0000,-5704.1985,0.0000,-5704.1985,4287.0555,-0.5709,1.5834,0.0000
2022-12-27 00:00:00,0.5413,1.2620,7917.0000,-5705.7819,0.0000,-5705.7819,4285.4721,-0.5711,-1.5834,0.0000
2022-12-28 00:00:00,0.5414,1.2620,7917.0000,-5704.9902,0.0000,-5704.9902,4286.2638,-0.5710,0.7917,0.0000
2022-12-29 00:00:00,0.5413,1.2620,7917.0000,-5705.7819,0.0000,-5705.7819,4285.4721,-0.5711,-0.7917,0.0000
2022-12-30 00:00:00,0.5410,1.2620,7917.0000,-5708.1570,0.0000,-5708.1570,4283.0970,-0.5713,-2.3751,0.0000
2022-12-31 00:00:00,0.5410,1.2620,7917.0000,-5708.1570,0.0000,-5708.1570,4283.0970,-0.5713,0.0000,0.0000
2023-01-01 00:00:00,0.5410,1.2620,7917.0000,-5708.1570,0.0000,-5708.1570,4283.0970,-0.5713,0.0000,0.0000
2023-01-02 00:00:00,0.5410,1.2620,7917.0000,-5708.1570,0.0000,-5708.1570,4283.0970,-0.5713,0.0000,0.0000
2023-01-03 00:00:00,0.5412,1.2620,7917.0000,-5706.5736,0.0000,-5706.5736,4284.6804,-0.5712,1.5834,0.0000
2023-01-04 00:00:00,0.5412,1.2620,7917.0000,-5706.5736,0.0000,-5706.5736,4284.6804,-0.5712,0.0000,0.0000
2023-01-05 00:00:00,0.5420,1.2620,7917.0000,-5700.2400,0.0000,-5700.2400,4291.0140,-0.5705,6.3336,0.0000
2023-01-06 00:00:00,0.5414,1.2620,7917.0000,-5704.9902,0.0000,-5704.9902,4286.2638,-0.5710,-4.7502,0.0000
2023-01-07 00:00:00,0.5429,1.2620,7917.0000,-5693.1147,0.0000,-5693.1147,4298.1393,-0.5698,11.8755,0.0000
2023-01-08 00:00:00,0.5441,1.2620,7917.0000,-5683.6143,0.0000,-5683.6143,4307.6397,-0.5689,9.5004,0.0000
2023-01-09 00:00:00,0.5603,1.2620,7917.0000,-5555.3589,0.0000,-5555.3589,4435.8951,-0.5560,128.2554,0.0000
2023-01-10 00:00:00,0.5767,1.2620,7917.0000,-5425.5201,0.0000,-5425.5201,4565.7339,-0.5430,129.8388,0.0000
2023-01-11 00:00:00,0.5821,1.2620,7917.0000,-5382.7683,0.0000,-5382.7683,4608.4857,-0.5387,42.7518,0.0000
2023-01-12 00:00:00,0.5861,1.2620,7917.0000,-5351.1003,0.0000,-5351.1003,4640.1537,-0.5356,31.6680,0.0000
2023-01-13 00:00:00,0.5983,1.2620,7917.0000,-5254.5129,0.0000,-5254.5129,4736.7411,-0.5259,96.5874,0.0000
2023-01-14 00:00:00,0.6295,1.2620,7917.0000,-5007.5025,0.0000,-5007.5025,4983.7515,-0.5012,247.0104,0.0000
2023-01-15 00:00:00,0.6635,1.2620,7917.0000,-4738.3245,0.0000,-4738.3245,5252.9295,-0.4742,269.1780,0.0000
2023-01-16 00:00:00,0.6688,1.2620,7917.0000,-4696.3644,0.0000,-4696.3644,5294.8896,-0.4700,41.9601,0.0000
2023-01-17 00:00:00,0.6698,1.2620,7917.0000,-4688.4474,0.0000,-4688.4474,5302.8066,-0.4693,7.9170,0.0000
2023-01-18 00:00:00,0.6686,1.2620,7917.0000,-4697.9478,0.0000,-4697.9478,5293.3062,-0.4702,-9.5004,0.0000
2023-01-19 00:00:00,0.6352,1.2620,7917.0000,-4962.3756,0.0000,-4962.3756,5028.8784,-0.4967,-264.4278,0.0000
2023-01-20 00:00:00,0.6378,1.2620,7917.0000,-4941.7914,0.0000,-4941.7914,5049.4626,-0.4946,20.5842,0.0000
2023-01-21 00:00:00,0.6429,1.2620,7917.0000,-4901.4147,0.0000,-4901.4147,5089.8393,-0.4906,40.3767,0.0000
2023-01-22 00:00:00,0.6403,1.2620,7917.0000,-4921.9989,0.0000,-4921.9989,5069.2551,-0.4926,-20.5842,0.0000
2023-01-23 00:00:00,0.6405,1.2620,7917.0000,-4920.4155,0.0000,-4920.4155,5070.8385,-0.4925,1.5834,0.0000
2023-01-24 00:00:00,0.6439,1.2620,7917.0000,-4893.4977,0.0000,-4893.4977,5097.7563,-0.4898,26.9178,0.0000
2023-01-25 00:00:00,0.6299,1.2620,7917.0000,-5004.3357,0.0000,-5004.3357,4986.9183,-0.5009,-110.8380,0.0000
2023-01-26 00:00:00,0.6412,1.2620,7917.0000,-4914.8736,0.0000,-4914.8736,5076.3804,-0.4919,89.4621,0.0000
2023-01-27 00:00:00,0.6463,1.2620,7917.0000,-4874.4969,0.0000,-4874.4969,5116.7571,-0.4879,40.3767,0.0000
2023-01-28 00:00:00,0.6482,1.2620,7917.0000,-4859.4546,0.0000,-4859.4546,5131.7994,-0.4864,15.0423,0.0000
2023-01-29 00:00:00,0.6444,1.2620,7917.0000,-4889.5392,0.0000,-4889.5392,5101.7148,-0.4894,-30.0846,0.0000
2023-01-30 00:00:00,0.6504,1.2620,7917.0000,-4842.0372,0.0000,-4842.0372,5149.2168,-0.4846,47.5020,0.0000
2023-01-31 00:00:00,0.6399,1.2620,7917.0000,-4925.1657,0.0000,-4925.1657,5066.0883,-0.4929,-83.1285,0.0000
2023-02-01 00:00:00,0.6458,1.2620,7917.0000,-4878.4554,0.0000,-4878.4554,5112.7986,-0.4883,46.7103,0.0000
2023-02-02 00:00:00,0.6523,1.2620,7917.0000,-4826.9949,0.0000,-4826.9949,5164.2591,-0.4831,51.4605,0.0000
2023-02-03 00:00:00,0.6519,1.2620,7917.0000,-4830.1617,0.0000,-4830.1617,5161.0923,-0.4834,-3.1668,0.0000
2023-02-04 00:00:00,0.6576,1.2620,7917.0000,-4785.0348,0.0000,-4785.0348,5206.2192,-0.4789,45.1269,0.0000
2023-02-05 00:00:00,0.6552,1.2620,7917.0000,-4804.0356,0.0000,-4804.0356,5187.2184,-0.4808,-19.0008,0.0000
2023-02-06 00:00:00,0.6486,1.2620,7917.0000,-4856.2878,0.0000,-4856.2878,5134.9662,-0.4861,-52.2522,0.0000
2023-02-07 00:00:00,0.6431,1.2620,7917.0000,-4899.8313,0.0000,-4899.8313,5091.4227,-0.4904,-43.5435,0.0000
2023-02-08 00:00:00,0.6753,1.2620,7917.0000,-4644.9039,0.0000,-4644.9039,5346.3501,-0.4649,254.9274,0.0000
2023-02-09 00:00:00,0.6589,1.2620,7917.0000,-4774.7427,0.0000,-4774.7427,5216.5113,-0.4779,-129.8388,0.0000
2023-02-10 00:00:00,0.5966,1.2620,7917.0000,-5267.9718,0.0000,-5267.9718,4723.2822,-0.5273,-493.2291,0.0000
2023-02-11 00:00:00,0.5941,1.2620,7917.0000,-5287.7643,0.0000,-5287.7643,4703.4897,-0.5292,-19.7925,0.0000
2023-02-12 00:00:00,0.5959,1.2620,7917.0000,-5273.5137,0.0000,-5273.5137,4717.7403,-0.5278,14.2506,0.0000
2023-02-13 00:00:00,0.5962,1.2620,7917.0000,-5271.1386,0.0000,-5271.1386,4720.1154,-0.5276,2.3751,0.0000
2023-02-14 00:00:00,0.5957,1.2620,7917.0000,-5275.0971,0.0000,-5275.0971,4716.1569,-0.5280,-3.9585,0.0000
2023-02-15 00:00:00,0.5973,1.2620,7917.0000,-5262.4299,0.0000,-5262.4299,4728.8241,-0.5267,12.6672,0.0000
2023-02-16 00:00:00,0.6019,1.2620,7917.0000,-5226.0117,0.0000,-5226.0117,4765.2423,-0.5231,36.4182,0.0000
2023-02-17 00:00:00,0.5949,1.2620,7917.0000,-5281.4307,0.0000,-5281.4307,4709.8233,-0.5286,-55.4190,0.0000
2023-02-18 00:00:00,0.6090,1.2620,7917.0000,-5169.8010,0.0000,-5169.8010,4821.4530,-0.5174,111.6297,0.0000
2023-02-19 00:00:00,0.6117,1.2620,7917.0000,-5148.4251,0.0000,-5148.4251,4842.8289,-0.5153,21.3759,0.0000
2023-02-20 00:00:00,0.6219,1.2620,7917.0000,-5067.6717,0.0000,-5067.6717,4923.5823,-0.5072,80.7534,0.0000
2023-02-21 00:00:00,0.6307,1.2620,7917.0000,-4998.0021,0.0000,-4998.0021,4993.2519,-0.5002,69.6696,0.0000
2023-02-22 00:00:00,0.6110,1.2620,7917.0000,-5153.9670,0.0000,-5153.9670,4837.2870,-0.5158,-155.9649,0.0000
2023-02-23 00:00:00,0.5972,1.2620,7917.0000,-5263.2216,0.0000,-5263.2216,4728.0324,-0.5268,-109.2546,0.0000
2023-02-24 00:00:00,0.5979,1.2620,7917.0000,-5257.6797,0.0000,-5257.6797,4733.5743,-0.5262,5.5419,0.0000
2023-02-25 00:00:00,0.5655,1.2620,7917.0000,-5514.1905,0.0000,-5514.1905,4477.0635,-0.5519,-256.5108,0.0000
2023-02-26 00:00:00,0.5656,1.2620,7917.0000,-5513.3988,0.0000,-5513.3988,4477.8552,-0.5518,0.7917,0.0000
2023-02-27 00:00:00,0.5633,1.2620,7917.0000,-5531.6079,0.0000,-5531.6079,4459.6461,-0.5536,-18.2091,0.0000
2023-02-28 00:00:00,0.5611,1.2620,7917.0000,-5549.0253,0.0000,-5549.0253,4442.2287,-0.5554,-17.4174,0.0000
2023-03-01 00:00:00,0.5591,1.2620,7917.0000,-5564.8593,0.0000,-5564.8593,4426.3947,-0.5570,-15.8340,0.0000
2023-03-02 00:00:00,0.5608,1.2620,7917.0000,-5551.4004,0.0000,-5551.4004,4439.8536,-0.5556,13.4589,0.0000
2023-03-03 00:00:00,0.5585,1.2620,7917.0000,-5569.6095,0.0000,-5569.6095,4421.6445,-0.5574,-18.2091,0.0000
2023-03-04 00:00:00,0.5584,1.2620,7917.0000,-5570.4012,0.0000,-5570.4012,4420.8528,-0.5575,-0.7917,0.0000
2023-03-05 00:00:00,0.5571,1.2620,7917.0000,-5580.6933,0.0000,-5580.6933,4410.5607,-0.5586,-10.2921,0.0000
2023-03-06 00:00:00,0.5581,1.2620,7917.0000,-5572.7763,0.0000,-5572.7763,4418.4777,-0.5578,7.9170,0.0000
2023-03-07 00:00:00,0.5578,1.2620,7917.0000,-5575.1514,0.0000,-5575.1514,4416.1026,-0.5580,-2.3751,0.0000
2023-03-08 00:00:00,0.5575,1.2620,7917.0000,-5577.5265,0.0000,-5577.5265,4413.7275,-0.5582,-2.3751,0.0000
2023-03-09 00:00:00,0.5575,1.2620,7917.0000,-5577.5265,0.0000,-5577.5265,4413.7275,-0.5582,0.0000,0.0000
2023-03-10 00:00:00,0.5575,1.2620,7917.0000,-5577.5265,0.0000,-5577.5265,4413.7275,-0.5582,0.0000,0.0000
2023-03-11 00:00:00,0.5575,1.2620,7917.0000,-5577.5265,0.0000,-5577.5265,4413.7275,-0.5582,0.0000,0.0000
2023-03-12 00:00:00,0.5575,1.2620,7917.0000,-5577.5265,0.0000,-5577.5265,4413.7275,-0.5582,0.0000,0.0000
2023-03-13 00:00:00,0.5575,1.2620,7917.0000,-5577.5265,0.0000,-5577.5265,4413.7275,-0.5582,0.0000,0.0000
2023-03-14 00:00:00,0.5580,1.2620,7917.0000,-5573.5680,0.0000,-5573.5680,4417.6860,-0.5578,3.9585,0.0000
2023-03-15 00:00:00,0.5582,1.2620,7917.0000,-5571.9846,0.0000,-5571.9846,4419.2694,-0.5577,1.5834,0.0000
2023-03-16 00:00:00,0.5528,1.2620,7917.0000,-5614.7364,0.0000,-5614.7364,4376.5176,-0.5620,-42.7518,0.0000
2023-03-17 00:00:00,0.5553,1.2620,7917.0000,-5594.9439,0.0000,-5594.9439,4396.3101,-0.5600,19.7925,0.0000
2023-03-18 00:00:00,0.6092,1.2620,7917.0000,-5168.2176,0.0000,-5168.2176,4823.0364,-0.5173,426.7263,0.0000
2023-03-19 00:00:00,0.5950,1.2620,7917.0000,-5280.6390,0.0000,-5280.6390,4710.6150,-0.5285,-112.4214,0.0000
2023-03-20 00:00:00,0.6054,1.2620,7917.0000,-5198.3022,0.0000,-5198.3022,4792.9518,-0.5203,82.3368,0.0000
2023-03-21 00:00:00,0.5771,1.2620,7917.0000,-5422.3533,0.0000,-5422.3533,4568.9007,-0.5427,-224.0511,0.0000
2023-03-22 00:00:00,0.5813,1.2620,7917.0000,-5389.1019,0.0000,-5389.1019,4602.1521,-0.5394,33.2514,0.0000
2023-03-23 00:00:00,0.5551,1.2620,7917.0000,-5596.5273,0.0000,-5596.5273,4394.7267,-0.5601,-207.4254,0.0000
2023-03-24 00:00:00,0.5705,1.2620,7917.0000,-5474.6055,0.0000,-5474.6055,4516.6485,-0.5479,121.9218,0.0000
2023-03-25 00:00:00,0.5504,1.2620,7917.0000,-5633.7372,0.0000,-5633.7372,4357.5168,-0.5639,-159.1317,0.0000
2023-03-26 00:00:00,0.5478,1.2620,7917.0000,-5654.3214,0.0000,-5654.3214,4336.9326,-0.5659,-20.5842,0.0000
2023-03-27 00:00:00,0.5494,1.2620,7917.0000,-5641.6542,0.0000,-5641.6542,4349.5998,-0.5647,12.6672,0.0000
2023-03-28 00:00:00,0.5359,1.2620,7917.0000,-5748.5337,0.0000,-5748.5337,4242.7203,-0.5754,-106.8795,0.0000
2023-03-29 00:00:00,0.5346,1.2620,7917.0000,-5758.8258,0.0000,-5758.8258,4232.4282,-0.5764,-10.2921,0.0000
2023-03-30 00:00:00,0.5388,1.2620,7917.0000,-5725.5744,0.0000,-5725.5744,4265.6796,-0.5731,33.2514,0.0000
2023-03-31 00:00:00,0.5329,1.2620,7917.0000,-5772.2847,0.0000,-5772.2847,4218.9693,-0.5777,-46.7103,0.0000
2023-04-01 00:00:00,0.5593,1.2620,7917.0000,-5563.2759,0.0000,-5563.2759,4427.9781,-0.5568,209.0088,0.0000
2023-04-02 00:00:00,0.5545,1.2620,7917.0000,-5601.2775,0.0000,-5601.2775,4389.9765,-0.5606,-38.0016,0.0000
2023-04-03 00:00:00,0.5387,1.2620,7917.0000,-5726.3661,0.0000,-5726.3661,4264.8879,-0.5731,-125.0886,0.0000
2023-04-04 00:00:00,0.5592,1.2620,7917.0000,-5564.0676,0.0000,-5564.0676,4427.1864,-0.5569,162.2985,0.0000
2023-04-05 00:00:00,0.5713,1.2620,7917.0000,-5468.2719,0.0000,-5468.2719,4522.9821,-0.5473,95.7957,0.0000
2023-04-06 00:00:00,0.5713,1.2620,7917.0000,-5468.2719,0.0000,-5468.2719,4522.9821,-0.5473,0.0000,0.0000
2023-04-07 00:00:00,0.5648,1.2620,7917.0000,-5519.7324,0.0000,-5519.7324,4471.5216,-0.5525,-51.4605,0.0000
2023-04-08 00:00:00,0.5610,1.2620,7917.0000,-5549.8170,0.0000,-5549.8170,4441.4370,-0.5555,-30.0846,0.0000
2023-04-09 00:00:00,0.5558,1.2620,7917.0000,-5590.9854,0.0000,-5590.9854,4400.2686,-0.5596,-41.1684,0.0000
2023-04-10 00:00:00,0.5537,1.2620,7917.0000,-5607.6111,0.0000,-5607.6111,4383.6429,-0.5613,-16.6257,0.0000
2023-04-11 00:00:00,0.5376,1.2620,7917.0000,-5735.0748,0.0000,-5735.0748,4256.1792,-0.5740,-127.4637,0.0000
2023-04-12 00:00:00,0.5358,1.2620,7917.0000,-5749.3254,0.0000,-5749.3254,4241.9286,-0.5754,-14.2506,0.0000
2023-04-13 00:00:00,0.5368,1.2620,7917.0000,-5741.4084,0.0000,-5741.4084,4249.8456,-0.5746,7.9170,0.0000
2023-04-14 00:00:00,0.5435,1.2620,7917.0000,-5688.3645,0.0000,-5688.3645,4302.8895,-0.5693,53.0439,0.0000
2023-04-15 00:00:00,0.5535,1.2620,7917.0000,-5609.1945,0.0000,-5609.1945,4382.0595,-0.5614,79.1700,0.0000
2023-04-16 00:00:00,0.5545,1.2620,7917.0000,-5601.2775,0.0000,-5601.2775,4389.9765,-0.5606,7.9170,0.0000
2023-04-17 00:00:00,0.5633,1.2620,7917.0000,-5531.6079,0.0000,-5531.6079,4459.6461,-0.5536,69.6696,0.0000
2023-04-18 00:00:00,0.5525,1.2620,7917.0000,-5617.1115,0.0000,-5617.1115,4374.1425,-0.5622,-85.5036,0.0000
2023-04-19 00:00:00,0.5651,1.2620,7917.0000,-5517.3573,0.0000,-5517.3573,4473.8967,-0.5522,99.7542,0.0000
2023-04-20 00:00:00,0.5179,1.2620,7917.0000,-5891.0397,0.0000,-5891.0397,4100.2143,-0.5896,-373.6824,0.0000
2023-04-22 00:00:00,0.4865,1.2620,7917.0000,-6139.6335,0.0000,-6139.6335,3851.6205,-0.6145,-248.5938,0.0000
2023-04-23 00:00:00,0.4865,1.2620,7917.0000,-6139.6335,0.0000,-6139.6335,3851.6205,-0.6145,0.0000,0.0000
2023-04-24 00:00:00,0.4859,1.2620,7917.0000,-6144.3837,0.0000,-6144.3837,3846.8703,-0.6150,-4.7502,0.0000
2023-04-25 00:00:00,0.4803,1.2620,7917.0000,-6188.7189,0.0000,-6188.7189,3802.5351,-0.6194,-44.3352,0.0000
2023-04-26 00:00:00,0.4797,1.2620,7917.0000,-6193.4691,0.0000,-6193.4691,3797.7849,-0.6199,-4.7502,0.0000
2023-04-27 00:00:00,0.4801,1.2620,7917.0000,-6190.3023,0.0000,-6190.3023,3800.9517,-0.6196,3.1668,0.0000
2023-04-28 00:00:00,0.4801,1.2620,7917.0000,-6190.3023,0.0000,-6190.3023,3800.9517,-0.6196,0.0000,0.0000
2023-04-29 00:00:00,0.4800,1.2620,7917.0000,-6191.0940,0.0000,-6191.0940,3800.1600,-0.6197,-0.7917,0.0000
2023-04-30 00:00:00,0.4798,1.2620,7917.0000,-6192.6774,0.0000,-6192.6774,3798.5766,-0.6198,-1.5834,0.0000
2023-05-01 00:00:00,0.4795,1.2620,7917.0000,-6195.0525,0.0000,-6195.0525,3796.2015,-0.6200,-2.3751,0.0000
2023-05-02 00:00:00,0.4793,1.2620,7917.0000,-6196.6359,0.0000,-6196.6359,3794.6181,-0.6202,-1.5834,0.0000
2023-05-03 00:00:00,0.4794,1.2620,7917.0000,-6195.8442,0.0000,-6195.8442,3795.4098,-0.6201,0.7917,0.0000
2023-05-04 00:00:00,0.4794,1.2620,7917.0000,-6195.8442,0.0000,-6195.8442,3795.4098,-0.6201,0.0000,0.0000
2023-05-05 00:00:00,0.4793,1.2620,7917.0000,-6196.6359,0.0000,-6196.6359,3794.6181,-0.6202,-0.7917,0.0000
2023-05-06 00:00:00,0.4794,1.2620,7917.0000,-6195.8442,0.0000,-6195.8442,3795.4098,-0.6201,0.7917,0.0000
2023-05-07 00:00:00,0.4789,1.2620,7917.0000,-6199.8027,0.0000,-6199.8027,3791.4513,-0.6205,-3.9585,0.0000
2023-05-08 00:00:00,0.4789,1.2620,7917.0000,-6199.8027,0.0000,-6199.8027,3791.4513,-0.6205,0.0000,0.0000
2023-05-09 00:00:00,0.4781,1.2620,7917.0000,-6206.1363,0.0000,-6206.1363,3785.1177,-0.6212,-6.3336,0.0000
2023-05-10 00:00:00,0.4782,1.2620,7917.0000,-6205.3446,0.0000,-6205.3446,3785.9094,-0.6211,0.7917,0.0000
2023-05-11 00:00:00,0.4781,1.2620,7917.0000,-6206.1363,0.0000,-6206.1363,3785.1177,-0.6212,-0.7917,0.0000
2023-05-12 00:00:00,0.4781,1.2620,7917.0000,-6206.1363,0.0000,-6206.1363,3785.1177,-0.6212,0.0000,0.0000
2023-05-13 00:00:00,0.4781,1.2620,7917.0000,-6206.1363,0.0000,-6206.1363,3785.1177,-0.6212,0.0000,0.0000
2023-05-14 00:00:00,0.4781,1.2620,7917.0000,-6206.1363,0.0000,-6206.1363,3785.1177,-0.6212,0.0000,0.0000
2023-05-15 00:00:00,0.4781,1.2620,7917.0000,-6206.1363,0.0000,-6206.1363,3785.1177,-0.6212,0.0000,0.0000
2023-05-16 00:00:00,0.4781,1.2620,7917.0000,-6206.1363,0.0000,-6206.1363,3785.1177,-0.6212,0.0000,0.0000
2023-05-17 00:00:00,0.4781,1.2620,7917.0000,-6206.1363,0.0000,-6206.1363,3785.1177,-0.6212,0.0000,0.0000
2023-05-18 00:00:00,0.4781,1.2620,7917.0000,-6206.1363,0.0000,-6206.1363,3785.1177,-0.6212,0.0000,0.0000
2023-05-19 00:00:00,0.4781,1.2620,7917.0000,-6206.1363,0.0000,-6206.1363,3785.1177,-0.6212,0.0000,0.0000
2023-05-20 00:00:00,0.4781,1.2620,7917.0000,-6206.1363,0.0000,-6206.1363,3785.1177,-0.6212,0.0000,0.0000
2023-05-21 00:00:00,0.4781,1.2620,7917.0000,-6206.1363,0.0000,-6206.1363,3785.1177,-0.6212,0.0000,0.0000
2023-05-22 00:00:00,0.4781,1.2620,7917.0000,-6206.1363,0.0000,-6206.1363,3785.1177,-0.6212,0.0000,0.0000
2023-05-23 00:00:00,0.4781,1.2620,7917.0000,-6206.1363,0.0000,-6206.1363,3785.1177,-0.6212,0.0000,0.0000
2023-05-24 00:00:00,0.4781,1.2620,7917.0000,-6206.1363,0.0000,-6206.1363,3785.1177,-0.6212,0.0000,0.0000
2023-05-25 00:00:00,0.4781,1.2620,7917.0000,-6206.1363,0.0000,-6206.1363,3785.1177,-0.6212,0.0000,0.0000
2023-05-26 00:00:00,0.4781,1.2620,7917.0000,-6206.1363,0.0000,-6206.1363,3785.1177,-0.6212,0.0000,0.0000
2023-05-27 00:00:00,0.4781,1.2620,7917.0000,-6206.1363,0.0000,-6206.1363,3785.1177,-0.6212,0.0000,0.0000
2023-05-28 00:00:00,0.4781,1.2620,7917.0000,-6206.1363,0.0000,-6206.1363,3785.1177,-0.6212,0.0000,0.0000
2023-05-29 00:00:00,0.4781,1.2620,7917.0000,-6206.1363,0.0000,-6206.1363,3785.1177,-0.6212,0.0000,0.0000
2023-05-30 00:00:00,0.4781,1.2620,7917.0000,-6206.1363,0.0000,-6206.1363,3785.1177,-0.6212,0.0000,0.0000
2023-05-31 00:00:00,0.4781,1.2620,7917.0000,-6206.1363,0.0000,-6206.1363,3785.1177,-0.6212,0.0000,0.0000
2023-06-01 00:00:00,0.4781,1.2620,7917.0000,-6206.1363,0.0000,-6206.1363,3785.1177,-0.6212,0.0000,0.0000
2023-06-02 00:00:00,0.4781,1.2620,7917.0000,-6206.1363,0.0000,-6206.1363,3785.1177,-0.6212,0.0000,0.0000
2023-06-03 00:00:00,0.4781,1.2620,7917.0000,-6206.1363,0.0000,-6206.1363,3785.1177,-0.6212,0.0000,0.0000
2023-06-04 00:00:00,0.4781,1.2620,7917.0000,-6206.1363,0.0000,-6206.1363,3785.1177,-0.6212,0.0000,0.0000
2023-06-05 00:00:00,0.4781,1.2620,7917.0000,-6206.1363,0.0000,-6206.1363,3785.1177,-0.6212,0.0000,0.0000
2023-06-06 00:00:00,0.4781,1.2620,7917.0000,-6206.1363,0.0000,-6206.1363,3785.1177,-0.6212,0.0000,0.0000
2023-06-07 00:00:00,0.4781,1.2620,7917.0000,-6206.1363,0.0000,-6206.1363,3785.1177,-0.6212,0.0000,0.0000
2023-06-08 00:00:00,0.4781,1.2620,7917.0000,-6206.1363,0.0000,-6206.1363,3785.1177,-0.6212,0.0000,0.0000
2023-06-09 00:00:00,0.4781,1.2620,7917.0000,-6206.1363,0.0000,-6206.1363,3785.1177,-0.6212,0.0000,0.0000
2023-06-10 00:00:00,0.4781,1.2620,7917.0000,-6206.1363,0.0000,-6206.1363,3785.1177,-0.6212,0.0000,0.0000
2023-06-11 00:00:00,0.4781,1.2620,7917.0000,-6206.1363,0.0000,-6206.1363,3785.1177,-0.6212,0.0000,0.0000
2023-06-12 00:00:00,0.4781,1.2620,7917.0000,-6206.1363,0.0000,-6206.1363,3785.1177,-0.6212,0.0000,0.0000
2023-06-13 00:00:00,0.4781,1.2620,7917.0000,-6206.1363,0.0000,-6206.1363,3785.1177,-0.6212,0.0000,0.0000
2023-06-14 00:00:00,0.4781,1.2620,7917.0000,-6206.1363,0.0000,-6206.1363,3785.1177,-0.6212,0.0000,0.0000
2023-06-15 00:00:00,0.4781,1.2620,7917.0000,-6206.1363,0.0000,-6206.1363,3785.1177,-0.6212,0.0000,0.0000
2023-06-16 00:00:00,0.4781,1.2620,7917.0000,-6206.1363,0.0000,-6206.1363,3785.1177,-0.6212,0.0000,0.0000
2023-06-17 00:00:00,0.4781,1.2620,7917.0000,-6206.1363,0.0000,-6206.1363,3785.1177,-0.6212,0.0000,0.0000
2023-06-18 00:00:00,0.4781,1.2620,7917.0000,-6206.1363,0.0000,-6206.1363,3785.1177,-0.6212,0.0000,0.0000
2023-06-19 00:00:00,0.4781,1.2620,7917.0000,-6206.1363,0.0000,-6206.1363,3785.1177,-0.6212,0.0000,0.0000
2023-06-20 00:00:00,0.4781,1.2620,7917.0000,-6206.1363,0.0000,-6206.1363,3785.1177,-0.6212,0.0000,0.0000
2023-06-21 00:00:00,0.4781,1.2620,7917.0000,-6206.1363,0.0000,-6206.1363,3785.1177,-0.6212,0.0000,0.0000
2023-06-22 00:00:00,0.4781,1.2620,7917.0000,-6206.1363,0.0000,-6206.1363,3785.1177,-0.6212,0.0000,0.0000
2023-06-23 00:00:00,0.4781,1.2620,7917.0000,-6206.1363,0.0000,-6206.1363,3785.1177,-0.6212,0.0000,0.0000
2023-06-24 00:00:00,0.4779,1.2620,7917.0000,-6207.7197,0.0000,-6207.7197,3783.5343,-0.6213,-1.5834,0.0000
2023-06-25 00:00:00,0.4776,1.2620,7917.0000,-6210.0948,0.0000,-6210.0948,3781.1592,-0.6216,-2.3751,0.0000
2023-06-26 00:00:00,0.4778,1.2620,7917.0000,-6208.5114,0.0000,-6208.5114,3782.7426,-0.6214,1.5834,0.0000
2023-06-27 00:00:00,0.4772,1.2620,7917.0000,-6213.2616,0.0000,-6213.2616,3777.9924,-0.6219,-4.7502,0.0000
2023-06-28 00:00:00,0.4780,1.2620,7917.0000,-6206.9280,0.0000,-6206.9280,3784.3260,-0.6212,6.3336,0.0000
2023-06-29 00:00:00,0.4762,1.2620,7917.0000,-6221.1786,0.0000,-6221.1786,3770.0754,-0.6227,-14.2506,0.0000
2023-06-30 00:00:00,0.4770,1.2620,7917.0000,-6214.8450,0.0000,-6214.8450,3776.4090,-0.6220,6.3336,0.0000
2023-07-01 00:00:00,0.4785,1.2620,7917.0000,-6202.9695,0.0000,-6202.9695,3788.2845,-0.6208,11.8755,0.0000
2023-07-02 00:00:00,0.4785,1.2620,7917.0000,-6202.9695,0.0000,-6202.9695,3788.2845,-0.6208,0.0000,0.0000
2023-07-03 00:00:00,0.4787,1.2620,7917.0000,-6201.3861,0.0000,-6201.3861,3789.8679,-0.6207,1.5834,0.0000
2023-07-04 00:00:00,0.4799,1.2620,7917.0000,-6191.8857,0.0000,-6191.8857,3799.3683,-0.6197,9.5004,0.0000
2023-07-05 00:00:00,0.4786,1.2620,7917.0000,-6202.1778,0.0000,-6202.1778,3789.0762,-0.6208,-10.2921,0.0000
2023-07-06 00:00:00,0.4774,1.2620,7917.0000,-6211.6782,0.0000,-6211.6782,3779.5758,-0.6217,-9.5004,0.0000
2023-07-07 00:00:00,0.4737,1.2620,7917.0000,-6240.9711,0.0000,-6240.9711,3750.2829,-0.6246,-29.2929,0.0000
2023-07-08 00:00:00,0.4756,1.2620,7917.0000,-6225.9288,0.0000,-6225.9288,3765.3252,-0.6231,15.0423,0.0000
2023-07-09 00:00:00,0.4753,1.2620,7917.0000,-6228.3039,0.0000,-6228.3039,3762.9501,-0.6234,-2.3751,0.0000
2023-07-10 00:00:00,0.4749,1.2620,7917.0000,-6231.4707,0.0000,-6231.4707,3759.7833,-0.6237,-3.1668,0.0000
2023-07-11 00:00:00,0.4762,1.2620,7917.0000,-6221.1786,0.0000,-6221.1786,3770.0754,-0.6227,10.2921,0.0000
2023-07-12 00:00:00,0.4767,1.2620,7917.0000,-6217.2201,0.0000,-6217.2201,3774.0339,-0.6223,3.9585,0.0000
2023-07-13 00:00:00,0.4758,1.2620,7917.0000,-6224.3454,0.0000,-6224.3454,3766.9086,-0.6230,-7.1253,0.0000
2023-07-14 00:00:00,0.4837,1.2620,7917.0000,-6161.8011,0.0000,-6161.8011,3829.4529,-0.6167,62.5443,0.0000
2023-07-15 00:00:00,0.4781,1.2620,7917.0000,-6206.1363,0.0000,-6206.1363,3785.1177,-0.6212,-44.3352,0.0000
2023-07-16 00:00:00,0.4778,1.2620,7917.0000,-6208.5114,0.0000,-6208.5114,3782.7426,-0.6214,-2.3751,0.0000
2023-07-17 00:00:00,0.4773,1.2620,7917.0000,-6212.4699,0.0000,-6212.4699,3778.7841,-0.6218,-3.9585,0.0000
2023-07-18 00:00:00,0.4766,1.2620,7917.0000,-6218.0118,0.0000,-6218.0118,3773.2422,-0.6223,-5.5419,0.0000
2023-07-19 00:00:00,0.4752,1.2620,7917.0000,-6229.0956,0.0000,-6229.0956,3762.1584,-0.6235,-11.0838,0.0000
2023-07-20 00:00:00,0.4750,1.2620,7917.0000,-6230.6790,0.0000,-6230.6790,3760.5750,-0.6236,-1.5834,0.0000
2023-07-21 00:00:00,0.4749,1.2620,7917.0000,-6231.4707,0.0000,-6231.4707,3759.7833,-0.6237,-0.7917,0.0000
2023-07-22 00:00:00,0.4751,1.2620,7917.0000,-6229.8873,0.0000,-6229.8873,3761.3667,-0.6235,1.5834,0.0000
2023-07-23 00:00:00,0.4737,1.2620,7917.0000,-6240.9711,0.0000,-6240.9711,3750.2829,-0.6246,-11.0838,0.0000
2023-07-24 00:00:00,0.4755,1.2620,7917.0000,-6226.7205,0.0000,-6226.7205,3764.5335,-0.6232,14.2506,0.0000
2023-07-25 00:00:00,0.4714,1.2620,7917.0000,-6259.1802,0.0000,-6259.1802,3732.0738,-0.6265,-32.4597,0.0000
2023-07-26 00:00:00,0.4718,1.2620,7917.0000,-6256.0134,0.0000,-6256.0134,3735.2406,-0.6261,3.1668,0.0000
2023-07-27 00:00:00,0.4728,1.2620,7917.0000,-6248.0964,0.0000,-6248.0964,3743.1576,-0.6254,7.9170,0.0000
2023-07-28 00:00:00,0.4720,1.2620,7917.0000,-6254.4300,0.0000,-6254.4300,3736.8240,-0.6260,-6.3336,0.0000
2023-07-29 00:00:00,0.4728,1.2620,7917.0000,-6248.0964,0.0000,-6248.0964,3743.1576,-0.6254,6.3336,0.0000
2023-07-30 00:00:00,0.4732,1.2620,7917.0000,-6244.9296,0.0000,-6244.9296,3746.3244,-0.6250,3.1668,0.0000
2023-07-31 00:00:00,0.4722,1.2620,7917.0000,-6252.8466,0.0000,-6252.8466,3738.4074,-0.6258,-7.9170,0.0000
2023-08-01 00:00:00,0.4718,1.2620,7917.0000,-6256.0134,0.0000,-6256.0134,3735.2406,-0.6261,-3.1668,0.0000
2023-08-02 00:00:00,0.4740,1.2620,7917.0000,-6238.5960,0.0000,-6238.5960,3752.6580,-0.6244,17.4174,0.0000
2023-08-03 00:00:00,0.4709,1.2620,7917.0000,-6263.1387,0.0000,-6263.1387,3728.1153,-0.6269,-24.5427,0.0000
2023-08-04 00:00:00,0.4707,1.2620,7917.0000,-6264.7221,0.0000,-6264.7221,3726.5319,-0.6270,-1.5834,0.0000
2023-08-05 00:00:00,0.4703,1.2620,7917.0000,-6267.8889,0.0000,-6267.8889,3723.3651,-0.6273,-3.1668,0.0000
2023-08-06 00:00:00,0.4704,1.2620,7917.0000,-6267.0972,0.0000,-6267.0972,3724.1568,-0.6273,0.7917,0.0000
2023-08-07 00:00:00,0.4702,1.2620,7917.0000,-6268.6806,0.0000,-6268.6806,3722.5734,-0.6274,-1.5834,0.0000
2023-08-08 00:00:00,0.4705,1.2620,7917.0000,-6266.3055,0.0000,-6266.3055,3724.9485,-0.6272,2.3751,0.0000
2023-08-09 00:00:00,0.4738,1.2620,7917.0000,-6240.1794,0.0000,-6240.1794,3751.0746,-0.6246,26.1261,0.0000
2023-08-10 00:00:00,0.4731,1.2620,7917.0000,-6245.7213,0.0000,-6245.7213,3745.5327,-0.6251,-5.5419,0.0000
2023-08-11 00:00:00,0.4725,1.2620,7917.0000,-6250.4715,0.0000,-6250.4715,3740.7825,-0.6256,-4.7502,0.0000
2023-08-12 00:00:00,0.4722,1.2620,7917.0000,-6252.8466,0.0000,-6252.8466,3738.4074,-0.6258,-2.3751,0.0000
2023-08-13 00:00:00,0.4723,1.2620,7917.0000,-6252.0549,0.0000,-6252.0549,3739.1991,-0.6258,0.7917,0.0000
2023-08-14 00:00:00,0.4714,1.2620,7917.0000,-6259.1802,0.0000,-6259.1802,3732.0738,-0.6265,-7.1253,0.0000
2023-08-15 00:00:00,0.4721,1.2620,7917.0000,-6253.6383,0.0000,-6253.6383,3737.6157,-0.6259,5.5419,0.0000
2023-08-16 00:00:00,0.4705,1.2620,7917.0000,-6266.3055,0.0000,-6266.3055,3724.9485,-0.6272,-12.6672,0.0000
2023-08-17 00:00:00,0.4678,1.2620,7917.0000,-6287.6814,0.0000,-6287.6814,3703.5726,-0.6293,-21.3759,0.0000
2023-08-18 00:00:00,0.4536,1.2620,7917.0000,-6400.1028,0.0000,-6400.1028,3591.1512,-0.6406,-112.4214,0.0000
2023-08-19 00:00:00,0.4504,1.2620,7917.0000,-6425.4372,0.0000,-6425.4372,3565.8168,-0.6431,-25.3344,0.0000
2023-08-20 00:00:00,0.4510,1.2620,7917.0000,-6420.6870,0.0000,-6420.6870,3570.5670,-0.6426,4.7502,0.0000
2023-08-21 00:00:00,0.4521,1.2620,7917.0000,-6411.9783,0.0000,-6411.9783,3579.2757,-0.6418,8.7087,0.0000
2023-08-22 00:00:00,0.4510,1.2620,7917.0000,-6420.6870,0.0000,-6420.6870,3570.5670,-0.6426,-8.7087,0.0000
2023-08-23 00:00:00,0.4491,1.2620,7917.0000,-6435.7293,0.0000,-6435.7293,3555.5247,-0.6441,-15.0423,0.0000
2023-08-24 00:00:00,0.4529,1.2620,7917.0000,-6405.6447,0.0000,-6405.6447,3585.6093,-0.6411,30.0846,0.0000
2023-08-25 00:00:00,0.4509,1.2620,7917.0000,-6421.4787,0.0000,-6421.4787,3569.7753,-0.6427,-15.8340,0.0000
2023-08-26 00:00:00,0.4500,1.2620,7917.0000,-6428.6040,0.0000,-6428.6040,3562.6500,-0.6434,-7.1253,0.0000
2023-08-27 00:00:00,0.4495,1.2620,7917.0000,-6432.5625,0.0000,-6432.5625,3558.6915,-0.6438,-3.9585,0.0000
2023-08-28 00:00:00,0.4504,1.2620,7917.0000,-6425.4372,0.0000,-6425.4372,3565.8168,-0.6431,7.1253,0.0000
2023-08-29 00:00:00,0.4503,1.2620,7917.0000,-6426.2289,0.0000,-6426.2289,3565.0251,-0.6432,-0.7917,0.0000
2023-08-30 00:00:00,0.4608,1.2620,7917.0000,-6343.1004,0.0000,-6343.1004,3648.1536,-0.6349,83.1285,0.0000
2023-08-31 00:00:00,0.4578,1.2620,7917.0000,-6366.8514,0.0000,-6366.8514,3624.4026,-0.6372,-23.7510,0.0000
2023-09-01 00:00:00,0.4491,1.2620,7917.0000,-6435.7293,0.0000,-6435.7293,3555.5247,-0.6441,-68.8779,0.0000
2023-09-02 00:00:00,0.4477,1.2620,7917.0000,-6446.8131,0.0000,-6446.8131,3544.4409,-0.6452,-11.0838,0.0000
2023-09-03 00:00:00,0.4484,1.2620,7917.0000,-6441.2712,0.0000,-6441.2712,3549.9828,-0.6447,5.5419,0.0000
2023-09-04 00:00:00,0.4488,1.2620,7917.0000,-6438.1044,0.0000,-6438.1044,3553.1496,-0.6444,3.1668,0.0000
2023-09-05 00:00:00,0.4479,1.2620,7917.0000,-6445.2297,0.0000,-6445.2297,3546.0243,-0.6451,-7.1253,0.0000
2023-09-06 00:00:00,0.4479,1.2620,7917.0000,-6445.2297,0.0000,-6445.2297,3546.0243,-0.6451,0.0000,0.0000
2023-09-07 00:00:00,0.4477,1.2620,7917.0000,-6446.8131,0.0000,-6446.8131,3544.4409,-0.6452,-1.5834,0.0000
2023-09-08 00:00:00,0.4505,1.2620,7917.0000,-6424.6455,0.0000,-6424.6455,3566.6085,-0.6430,22.1676,0.0000
2023-09-09 00:00:00,0.4485,1.2620,7917.0000,-6440.4795,0.0000,-6440.4795,3550.7745,-0.6446,-15.8340,0.0000
2023-09-10 00:00:00,0.4484,1.2620,7917.0000,-6441.2712,0.0000,-6441.2712,3549.9828,-0.6447,-0.7917,0.0000
2023-09-11 00:00:00,0.4473,1.2620,7917.0000,-6449.9799,0.0000,-6449.9799,3541.2741,-0.6456,-8.7087,0.0000
2023-09-12 00:00:00,0.4411,1.2620,7917.0000,-6499.0653,0.0000,-6499.0653,3492.1887,-0.6505,-49.0854,0.0000
2023-09-13 00:00:00,0.4460,1.2620,7917.0000,-6460.2720,0.0000,-6460.2720,3530.9820,-0.6466,38.7933,0.0000
2023-09-14 00:00:00,0.4483,1.2620,7917.0000,-6442.0629,0.0000,-6442.0629,3549.1911,-0.6448,18.2091,0.0000
2023-09-15 00:00:00,0.4507,1.2620,7917.0000,-6423.0621,0.0000,-6423.0621,3568.1919,-0.6429,19.0008,0.0000
